paper_id,E_EXP,E_STAT,E_SURVEY,E_CASE,E_ETHNO,E_TEXT,E_MODEL,E_POLICYEVAL,E_MIXED,E_NORM,MethodFamily,MethodTag,Methodology,method_class,MethodTransparency,PolicySalience,PoliticalSensitivity,SecrecyConstraint,DataAccess,year,topic
1,0,0,0,1,0,1,0,0,0,0,901,40,3,empirical-quant/tech,0,2,3,0,2,2022,3
2,0,0,0,1,0,0,0,0,0,0,905,40,3,empirical-qual,0,2,0,0,0,2022,3
3,0,0,0,0,0,0,0,0,0,0,904,20,3,empirical-qual,0,3,3,0,0,2022,1
4,0,0,0,1,0,0,0,0,0,0,909,10,1,normative,0,3,0,0,0,2022,2
5,0,0,0,1,0,0,0,0,0,1,909,10,1,normative,0,3,3,0,0,2022,1
6,0,0,0,1,0,0,0,0,0,1,904,20,3,empirical-qual,0,3,3,0,0,2022,1
7,0,0,0,1,0,0,0,1,0,1,904,20,3,empirical-qual,0,3,3,0,0,2022,1
8,0,0,0,0,0,1,1,0,0,0,903,30,5,empirical-quant/tech,0,3,3,0,0,2022,2
9,0,0,0,1,0,0,0,0,0,0,904,20,3,empirical-qual,0,3,0,0,0,2022,3
10,0,0,0,1,0,0,0,0,0,0,904,20,3,empirical-qual,0,2,3,3,0,2022,3
11,0,0,0,1,0,0,0,0,0,1,904,20,3,empirical-qual,0,3,0,0,0,2022,4
12,0,0,0,1,0,1,0,0,0,0,904,20,3,empirical-qual,0,2,3,0,3,2022,3
13,0,0,0,1,0,0,0,0,0,0,904,20,3,empirical-qual,0,3,0,0,0,2022,3
14,0,0,0,1,0,0,0,0,0,1,904,20,3,empirical-qual,0,3,0,1,1,2022,3
15,0,0,0,1,0,1,0,0,0,0,902,20,4,empirical-quant/tech,0,2,3,0,1,2022,2
16,0,1,1,0,0,0,0,0,0,0,903,30,5,empirical-quant/tech,0,0,0,0,3,2022,2
17,0,0,1,1,0,0,0,0,0,0,904,20,4,empirical-qual,0,3,3,0,0,2022,4
18,0,0,0,1,0,0,0,0,0,0,903,30,5,empirical-quant/tech,0,2,3,0,0,2022,1
19,0,0,0,1,0,0,0,0,0,0,901,40,3,empirical-quant/tech,0,3,3,0,3,2022,3
20,0,0,0,1,0,0,0,0,0,1,902,20,2,empirical-quant/tech,0,3,0,0,3,2022,3
21,0,0,0,0,0,1,0,0,0,0,906,20,3,empirical-qual,0,3,3,3,0,2022,3
22,1,0,0,0,0,0,0,0,0,0,902,20,4,empirical-quant/tech,0,2,3,3,0,2022,3
23,0,0,0,0,0,0,0,0,0,0,903,30,5,empirical-quant/tech,0,3,2,0,0,2022,3
24,0,0,0,1,0,0,0,0,0,1,904,20,4,empirical-qual,0,3,3,0,1,2022,2
25,0,0,0,0,0,0,0,0,0,0,904,20,3,empirical-qual,0,3,3,0,0,2022,1
26,0,0,0,1,0,0,0,0,0,1,904,20,3,empirical-qual,0,3,0,0,0,2022,1
27,0,0,0,0,0,0,0,0,0,0,909,10,1,normative,0,2,3,0,0,2022,1
28,0,0,0,1,0,0,0,0,0,1,904,20,3,empirical-qual,0,3,3,0,0,2022,1
29,0,0,0,0,0,0,0,0,0,0,904,20,3,empirical-qual,0,2,3,3,0,2022,1
30,0,0,0,1,0,0,0,0,0,1,909,10,1,normative,0,3,3,0,0,2023,1
31,0,0,0,1,0,0,0,0,0,0,903,30,5,empirical-quant/tech,0,3,0,0,1,2023,1
32,0,0,0,0,0,0,0,1,0,0,909,10,1,normative,0,2,3,0,0,2023,1
33,0,0,0,1,0,0,0,0,0,0,903,30,5,empirical-quant/tech,0,3,2,0,2,2023,1
34,1,0,0,1,0,0,0,0,0,1,902,20,4,empirical-quant/tech,0,3,3,3,1,2023,2
35,0,0,0,1,0,0,0,0,0,0,901,40,3,empirical-quant/tech,0,3,0,0,0,2023,2
36,0,0,0,0,0,0,0,0,0,0,904,20,4,empirical-qual,0,2,3,3,1,2023,2
37,0,0,0,1,0,0,0,0,0,0,901,40,3,empirical-quant/tech,0,2,3,0,0,2023,2
38,0,0,0,1,0,0,0,0,0,0,909,10,1,normative,0,2,3,3,0,2023,3
39,0,0,0,0,0,0,0,0,0,0,904,20,3,empirical-qual,0,1,3,3,0,2023,3
40,0,0,0,0,0,1,0,0,0,0,904,20,3,empirical-qual,0,3,0,0,1,2023,2
41,0,0,0,0,0,0,0,0,0,0,903,30,5,empirical-quant/tech,0,3,2,2,0,2023,3
42,0,0,0,1,0,0,0,0,0,1,909,10,1,normative,0,2,0,0,0,2023,1
43,0,0,0,0,0,0,0,0,0,0,904,20,3,empirical-qual,0,2,3,3,1,2023,2
44,0,0,0,0,0,0,0,1,0,1,904,20,3,empirical-qual,0,3,3,0,0,2023,1
45,0,0,0,0,0,0,0,0,0,0,909,10,1,normative,0,1,3,3,0,2023,2
46,0,0,0,0,0,0,0,0,0,1,903,30,5,empirical-quant/tech,0,3,0,0,0,2024,2
47,0,0,0,0,0,0,0,0,0,1,908,10,1,mixed,0,3,3,3,0,2024,1
48,0,0,0,1,0,0,0,0,0,0,904,20,3,empirical-qual,0,3,3,3,2,2024,2
49,0,0,0,1,0,0,1,1,0,0,902,20,4,empirical-quant/tech,0,3,3,0,3,2024,2
50,0,0,0,0,0,0,0,0,0,1,903,30,5,empirical-quant/tech,0,3,0,0,1,2024,2
51,0,0,0,0,0,0,0,0,0,0,904,20,3,empirical-qual,0,3,3,0,3,2024,1
52,0,0,0,0,0,0,0,0,0,0,904,20,3,empirical-qual,0,1,3,0,0,2024,1
53,0,0,0,0,0,0,0,0,0,1,904,20,4,empirical-qual,0,3,3,0,0,2024,2
54,0,0,0,0,0,1,0,0,0,0,903,30,5,empirical-quant/tech,0,3,3,1,0,2024,3
55,0,0,0,0,0,0,0,0,0,0,904,20,3,empirical-qual,0,3,0,0,0,2024,2
56,0,0,0,1,0,0,0,0,0,1,904,20,3,empirical-qual,0,3,0,0,2,2024,2
57,0,0,0,0,0,0,0,0,0,0,909,10,1,normative,0,2,3,0,0,2024,2
58,0,0,0,1,0,0,0,0,0,0,909,10,1,normative,0,3,3,3,0,2024,3
59,0,0,0,1,0,0,0,0,0,0,904,20,3,empirical-qual,0,3,3,3,0,2024,2
60,0,0,0,1,0,0,0,0,0,0,904,20,3,empirical-qual,0,3,3,3,0,2024,2
61,0,0,0,1,0,0,0,0,0,0,904,20,3,empirical-qual,0,3,3,0,0,2024,2
62,0,0,0,0,0,0,0,1,0,0,904,20,3,empirical-qual,0,3,3,0,1,2024,1
63,0,0,0,0,0,0,0,0,0,0,909,10,1,normative,0,3,0,0,0,2024,2
64,0,0,0,0,0,1,0,0,0,1,906,20,4,empirical-qual,0,3,3,0,0,2024,1
65,0,0,0,0,0,0,0,0,0,0,904,20,3,empirical-qual,0,3,0,0,0,2024,1
66,0,0,0,0,0,1,0,0,0,1,906,20,3,empirical-qual,0,3,0,0,0,2024,1
67,0,0,0,1,0,1,0,0,0,0,906,20,3,empirical-qual,0,3,2,0,0,2024,1
68,0,0,0,0,0,0,0,0,0,1,909,10,1,normative,0,3,0,0,0,2024,1
69,0,0,0,1,0,0,0,0,0,1,909,10,1,normative,0,3,0,0,0,2024,1
70,0,0,0,1,0,0,0,0,0,0,908,40,3,mixed,0,3,3,3,3,2024,3
71,0,0,0,1,0,1,0,1,0,0,906,20,3,empirical-qual,0,3,3,0,0,2024,3
72,0,0,0,1,0,1,0,0,0,1,906,20,3,empirical-qual,0,3,2,0,0,2024,1
73,0,0,0,1,0,1,0,0,0,0,905,20,3,empirical-qual,0,3,2,1,0,2024,3
74,0,0,0,1,0,0,0,0,0,1,904,20,3,empirical-qual,0,3,3,0,0,2024,3
75,0,0,0,1,0,0,0,0,0,0,904,20,4,empirical-qual,0,2,3,0,0,2024,3
76,0,0,0,1,0,0,0,1,0,0,903,30,5,empirical-quant/tech,0,3,0,0,0,2024,3
77,0,0,0,1,0,0,0,0,0,0,901,40,3,empirical-quant/tech,0,2,3,3,0,2024,3
78,0,0,0,1,0,0,0,0,0,0,904,20,3,empirical-qual,0,2,3,3,0,2024,3
79,0,0,0,1,0,0,0,0,0,0,904,20,3,empirical-qual,0,3,0,0,1,2024,1
80,0,0,0,1,0,0,0,0,0,0,904,20,3,empirical-qual,0,3,3,0,1,2024,1
81,0,0,0,0,0,0,0,0,0,0,904,20,3,empirical-qual,0,3,3,3,3,2024,1
82,0,0,0,1,0,0,0,0,0,0,904,20,3,empirical-qual,0,3,3,3,3,2024,1
83,0,0,0,1,0,0,0,0,0,1,901,20,2,empirical-quant/tech,0,3,3,0,0,2024,3
84,1,0,0,1,0,0,0,0,0,0,903,30,5,empirical-quant/tech,0,3,2,0,0,2024,3
85,0,0,0,1,0,0,0,0,0,0,909,10,1,normative,0,3,3,3,0,2025,3
86,0,0,0,1,0,0,0,0,0,0,904,20,3,empirical-qual,0,3,3,0,0,2025,2
87,0,0,0,0,0,0,0,0,0,0,904,20,3,empirical-qual,0,3,3,0,0,2025,1
88,1,0,0,1,0,0,1,0,0,0,902,30,5,empirical-quant/tech,0,2,3,0,0,2025,3
89,0,0,0,1,0,1,0,0,0,0,903,30,5,empirical-quant/tech,0,3,3,0,1,2025,3
90,0,0,0,1,0,0,0,0,0,0,901,40,3,empirical-quant/tech,0,3,0,0,0,2025,2
91,0,0,0,1,0,0,1,0,0,0,908,10,1,mixed,0,3,0,0,0,2025,1
92,0,0,0,1,0,0,0,0,0,0,901,40,3,empirical-quant/tech,0,2,0,0,0,2025,1
93,0,0,0,1,0,0,0,0,0,0,904,20,3,empirical-qual,0,3,0,0,0,2025,1
94,0,0,0,1,0,0,0,0,0,0,904,20,4,empirical-qual,0,3,0,0,2,2025,2
95,0,0,0,1,0,1,0,0,0,0,904,20,3,empirical-qual,0,3,3,0,1,2025,1
96,0,0,0,1,0,1,0,0,0,0,904,20,3,empirical-qual,0,3,3,0,1,2025,1
97,0,0,0,1,0,0,0,1,0,0,907,10,1,empirical-quant/tech,0,3,0,1,0,2025,1
98,1,0,0,1,0,0,0,0,0,0,904,20,3,empirical-qual,0,2,3,3,0,2025,3
99,0,0,0,1,0,0,0,0,0,0,904,20,3,empirical-qual,0,3,3,3,0,2025,2
100,0,0,0,1,0,0,0,0,0,1,905,10,1,empirical-qual,0,3,0,1,0,2025,2
101,0,0,0,0,0,0,0,0,0,0,904,20,3,empirical-qual,0,2,0,1,1,2025,2
102,0,0,0,0,0,0,0,0,0,0,904,20,3,empirical-qual,0,3,3,1,0,2025,2
103,0,0,0,0,0,0,0,0,0,0,909,10,1,normative,0,1,3,3,0,2025,1
104,0,0,0,0,0,0,0,0,0,0,904,20,3,empirical-qual,0,2,3,1,0,2025,1
105,0,0,0,0,0,0,0,0,0,0,901,40,3,empirical-quant/tech,0,3,3,1,0,2025,1
106,0,0,0,0,0,0,0,0,0,0,907,40,3,empirical-quant/tech,0,3,0,0,0,1999,3
107,0,0,0,0,0,0,0,0,0,0,901,40,3,empirical-quant/tech,0,3,3,3,0,1999,3
108,0,0,0,0,0,0,0,0,0,0,909,10,1,normative,0,1,3,3,0,1999,3
109,0,0,0,0,0,0,0,0,0,0,909,10,1,normative,0,2,3,3,0,1999,2
110,0,0,0,0,0,0,0,0,0,0,901,20,2,empirical-quant/tech,0,3,3,3,0,2000,1
111,0,0,0,0,0,0,0,0,0,0,902,20,2,empirical-quant/tech,0,1,0,0,0,2000,2
112,0,0,0,0,0,0,0,0,0,0,901,40,3,empirical-quant/tech,0,2,3,3,0,2000,2
113,0,0,0,0,0,0,0,0,0,0,907,10,1,empirical-quant/tech,0,3,0,0,0,2000,3
114,0,0,0,0,0,0,0,0,0,0,909,10,1,normative,0,0,0,0,0,2000,1
115,0,0,0,0,0,0,0,0,0,0,901,20,2,empirical-quant/tech,0,3,3,3,0,2001,3
116,0,0,0,0,0,0,0,0,0,0,909,10,1,normative,0,1,3,3,0,2001,2
117,0,0,0,0,0,0,0,0,0,0,909,10,1,normative,0,0,0,0,1,2001,1
118,0,0,0,0,0,0,0,0,0,0,909,10,1,normative,0,1,0,3,0,2001,1
119,0,0,0,0,0,0,0,0,0,0,904,20,3,empirical-qual,0,1,3,3,0,2001,2
120,0,0,0,0,0,0,0,0,0,0,904,20,3,empirical-qual,0,0,3,3,0,2001,1
121,0,0,0,0,0,0,0,0,0,0,901,40,3,empirical-quant/tech,0,3,0,0,0,2002,3
122,0,0,0,0,0,0,0,0,0,0,909,10,1,normative,0,1,3,3,0,2002,1
123,0,0,0,0,0,0,0,0,0,0,901,40,3,empirical-quant/tech,0,1,3,3,0,2002,2
124,0,0,0,0,0,0,0,0,0,0,904,20,4,empirical-qual,0,2,3,3,0,2006,2
125,0,0,0,0,0,0,0,0,0,0,909,10,1,normative,0,2,0,0,0,2006,3
126,0,0,0,0,0,0,0,0,0,0,901,40,3,empirical-quant/tech,0,2,3,0,0,2006,3
127,0,0,0,0,0,0,0,0,0,0,901,40,3,empirical-quant/tech,0,0,0,0,0,2006,1
128,0,0,0,0,0,0,0,0,0,0,907,40,3,empirical-quant/tech,0,3,3,3,0,2006,2
129,0,0,0,0,0,0,0,0,0,0,901,40,3,empirical-quant/tech,0,3,3,0,0,2006,3
130,0,0,0,0,0,0,0,0,0,0,901,40,3,empirical-quant/tech,0,3,3,0,0,2006,3
131,0,0,0,0,0,0,0,0,0,0,901,20,2,empirical-quant/tech,0,3,3,3,0,2006,1
132,0,0,0,0,0,0,0,0,0,0,909,10,1,normative,0,2,3,0,0,2006,2
133,0,0,0,0,0,0,0,0,0,0,901,40,3,empirical-quant/tech,0,3,3,0,0,2006,2
134,0,0,0,0,0,0,0,0,0,0,909,10,1,normative,0,2,3,0,0,2007,2
135,0,0,0,0,0,0,0,0,0,0,909,10,1,normative,0,1,3,3,0,2007,3
136,0,0,0,0,0,0,0,0,0,0,909,10,1,normative,0,1,3,0,0,2007,3
137,0,0,0,0,0,0,0,0,0,0,909,10,1,normative,0,1,3,0,0,2007,3
138,0,0,0,0,0,0,0,0,0,0,909,10,1,normative,0,1,3,0,0,2007,1
139,0,0,0,0,0,0,0,0,0,0,901,20,2,empirical-quant/tech,0,2,3,0,0,2007,2
140,0,0,0,0,0,0,0,0,0,0,909,10,1,normative,0,2,3,0,0,2007,3
141,0,0,0,0,0,0,0,0,0,0,909,10,1,normative,0,1,3,3,0,2007,1
142,0,0,0,0,0,0,0,0,0,0,901,40,3,empirical-quant/tech,0,3,3,0,0,2007,3
143,0,0,0,0,0,0,0,0,0,0,904,20,3,empirical-qual,0,3,3,0,0,2007,3
144,0,0,0,0,0,0,0,0,0,0,909,10,1,normative,0,3,3,0,0,2007,1
145,0,0,0,0,0,0,0,0,0,0,909,10,1,normative,0,2,3,1,0,2007,3
146,0,0,0,0,0,0,0,0,0,0,909,10,1,normative,0,3,3,0,0,2007,1
147,0,0,0,0,0,0,0,0,0,0,901,40,3,empirical-quant/tech,0,3,3,0,0,2007,3
148,0,0,0,0,0,0,0,0,0,0,909,10,1,normative,0,2,3,3,0,2007,2
149,0,0,0,0,0,0,0,0,0,0,901,20,2,empirical-quant/tech,0,1,3,0,0,2007,3
150,0,0,0,0,0,0,0,0,0,0,909,10,1,normative,0,2,0,0,0,2008,3
151,0,0,0,0,0,0,0,0,0,0,901,20,2,empirical-quant/tech,0,2,0,0,0,2008,3
152,0,0,0,0,0,0,0,0,0,0,904,20,3,empirical-qual,0,2,3,3,0,2008,2
153,0,0,0,0,0,0,0,0,0,0,904,20,3,empirical-qual,0,2,3,3,0,2008,2
154,0,0,0,0,0,0,0,0,0,0,909,10,1,normative,0,2,3,0,1,2008,2
155,0,0,0,0,0,0,0,0,0,0,901,40,3,empirical-quant/tech,0,1,3,3,0,2008,2
156,0,0,0,0,0,0,0,0,0,0,901,40,3,empirical-quant/tech,0,2,3,0,0,2008,2
157,0,0,0,0,0,0,0,0,0,0,902,20,2,empirical-quant/tech,0,2,3,0,0,2008,2
158,0,0,0,0,0,0,0,0,0,0,908,10,1,mixed,0,1,3,3,1,2008,1
159,0,0,0,0,0,0,0,0,0,0,901,40,3,empirical-quant/tech,0,2,3,3,0,2008,1
160,0,0,0,0,0,0,0,0,0,0,904,20,3,empirical-qual,0,2,3,3,1,2008,2
161,0,0,0,0,0,0,0,0,0,0,909,10,1,normative,0,3,3,0,1,2008,3
162,0,0,0,0,0,0,0,0,0,0,909,10,1,normative,0,3,3,0,0,2009,3
163,0,0,0,0,0,0,0,0,0,0,909,10,1,normative,0,2,3,0,0,2009,3
164,0,0,0,0,0,0,0,0,0,0,909,10,1,normative,0,2,3,0,0,2009,1
165,0,0,0,0,0,0,0,0,0,0,901,40,3,empirical-quant/tech,0,3,3,3,0,2009,1
166,0,0,0,0,0,0,0,0,0,0,901,40,3,empirical-quant/tech,0,1,3,3,0,2009,3
167,0,0,0,0,0,0,0,0,0,0,909,10,1,normative,0,3,0,0,0,2009,3
168,0,0,0,0,0,0,0,0,0,0,901,20,2,empirical-quant/tech,0,3,3,1,0,2009,3
169,0,0,0,0,0,0,0,0,0,0,901,40,3,empirical-quant/tech,0,3,3,3,0,2009,3
170,0,0,0,0,0,0,0,0,0,0,909,10,1,normative,0,2,3,0,0,2009,3
171,0,0,0,0,0,0,0,0,0,0,901,40,3,empirical-quant/tech,0,3,0,0,0,2009,3
172,0,0,0,0,0,0,0,0,0,0,909,10,1,normative,0,0,0,0,0,2009,3
173,0,0,0,0,0,0,0,0,0,0,901,40,3,empirical-quant/tech,0,1,3,3,0,2009,2
174,0,0,0,0,0,0,0,0,0,0,901,40,3,empirical-quant/tech,0,0,3,0,0,2009,3
175,0,0,0,0,0,0,0,0,0,0,901,40,3,empirical-quant/tech,0,3,3,0,0,2010,3
176,0,0,0,0,0,0,0,0,0,0,901,40,3,empirical-quant/tech,0,3,0,0,0,2010,3
177,0,0,0,0,0,0,0,0,0,0,909,10,1,normative,0,2,3,0,0,2010,3
178,0,0,0,0,0,0,0,0,0,0,902,30,5,empirical-quant/tech,0,1,3,3,3,2010,3
179,0,0,0,0,0,0,0,0,0,0,909,10,1,normative,0,2,0,0,0,2010,3
180,0,0,0,0,0,0,0,0,0,0,901,40,3,empirical-quant/tech,0,1,3,0,1,2010,1
181,0,0,0,0,0,0,0,0,0,0,901,40,3,empirical-quant/tech,0,1,3,3,0,2010,2
182,0,0,0,0,0,0,0,0,0,0,901,40,3,empirical-quant/tech,0,2,3,0,0,2010,3
183,0,0,0,0,0,0,0,0,0,0,909,10,1,normative,0,2,3,3,0,2011,3
184,0,0,0,0,0,0,0,0,0,0,909,10,1,normative,0,2,0,0,0,2011,3
185,0,0,0,0,0,0,0,0,0,0,904,20,3,empirical-qual,0,2,3,3,0,2011,1
186,0,0,0,0,0,0,0,0,0,0,901,40,3,empirical-quant/tech,0,2,0,0,0,2011,3
187,0,0,0,0,0,0,0,0,0,0,909,10,1,normative,0,0,0,0,0,2011,3
188,0,0,0,0,0,0,0,0,0,0,901,40,3,empirical-quant/tech,0,3,3,3,0,2011,3
189,0,0,0,0,0,0,0,0,0,0,901,40,3,empirical-quant/tech,0,2,0,0,0,2011,3
190,0,0,0,0,0,0,0,0,0,0,901,40,3,empirical-quant/tech,0,1,0,0,0,2011,3
191,0,0,0,0,0,0,0,0,0,0,901,40,3,empirical-quant/tech,0,3,3,3,0,2012,2
192,0,0,0,0,0,0,0,0,0,0,909,10,1,normative,0,0,3,3,1,2012,1
193,0,0,0,0,0,0,0,0,0,0,909,10,1,normative,0,2,3,0,0,2012,3
194,0,0,0,0,0,0,0,0,0,0,901,40,3,empirical-quant/tech,0,0,3,0,0,2012,3
195,0,0,0,0,0,0,0,0,0,0,901,20,2,empirical-quant/tech,0,2,3,0,0,2012,3
196,0,0,0,0,0,0,0,0,0,0,909,10,1,normative,0,2,3,3,0,2012,3
197,0,0,0,0,0,0,0,0,0,0,903,30,5,empirical-quant/tech,0,2,3,3,0,2012,3
198,0,0,0,0,0,0,0,0,0,0,909,10,1,normative,0,2,3,3,0,2012,3
199,0,0,0,0,0,0,0,0,0,0,901,40,3,empirical-quant/tech,0,1,3,0,0,2012,3
200,0,0,0,0,0,0,0,0,0,0,901,40,3,empirical-quant/tech,0,0,2,0,0,2013,3
201,0,0,0,0,0,0,0,0,0,0,901,40,3,empirical-quant/tech,0,2,3,0,0,2013,2
202,0,0,0,0,0,0,0,0,0,0,903,30,5,empirical-quant/tech,0,2,2,0,0,2013,3
203,0,0,0,0,0,0,0,0,0,0,901,40,3,empirical-quant/tech,0,3,0,0,0,2013,3
204,0,0,0,0,0,0,0,0,0,0,901,40,3,empirical-quant/tech,0,0,3,0,0,2013,3
205,0,0,0,0,0,0,0,0,0,0,904,20,3,empirical-qual,0,2,3,0,0,2013,3
206,0,0,0,0,0,0,0,0,0,0,901,40,3,empirical-quant/tech,0,2,3,3,0,2013,3
207,0,0,0,0,0,0,0,0,0,0,909,10,1,normative,0,3,3,3,0,2013,3
208,0,0,0,0,0,0,0,0,0,0,906,20,3,empirical-qual,0,2,3,0,0,2013,3
209,0,0,0,0,0,0,0,0,0,0,904,20,3,empirical-qual,0,1,3,0,0,2013,3
210,0,0,0,0,0,0,0,0,0,0,904,20,3,empirical-qual,0,3,3,3,2,2014,2
211,0,0,0,0,0,0,0,0,0,0,909,10,1,normative,0,3,3,0,0,2014,3
212,0,0,0,0,0,0,0,0,0,0,904,20,4,empirical-qual,0,2,3,3,0,2014,3
213,0,0,0,0,0,0,0,0,0,0,906,20,4,empirical-qual,0,2,3,0,2,2014,2
214,0,0,0,0,0,0,0,0,0,0,904,20,3,empirical-qual,0,1,0,0,0,2014,2
215,0,0,0,0,0,0,0,0,0,0,901,40,3,empirical-quant/tech,0,2,3,3,0,2015,3
216,0,0,0,0,0,0,0,0,0,0,909,10,1,normative,0,3,3,0,0,2015,1
217,0,0,0,0,0,0,0,0,0,0,906,20,3,empirical-qual,0,2,3,3,0,2015,1
218,0,0,0,0,0,0,0,0,0,0,904,20,3,empirical-qual,0,3,3,0,0,2015,2
219,0,0,0,0,0,0,0,0,0,0,909,10,1,normative,0,2,3,0,0,2015,3
220,0,0,0,0,0,0,0,0,0,0,901,40,3,empirical-quant/tech,0,2,3,3,0,2015,3
221,0,0,0,0,0,0,0,0,0,0,909,10,1,normative,0,2,3,0,0,2015,2
222,0,0,0,0,0,0,0,0,0,0,909,10,1,normative,0,2,3,0,0,2015,1
223,0,0,0,0,0,0,0,0,0,0,901,40,3,empirical-quant/tech,0,2,0,0,0,2015,3
224,0,0,0,0,0,0,0,0,0,0,904,20,3,empirical-qual,0,2,0,0,0,2015,2
225,0,0,0,0,0,0,0,0,0,0,901,40,3,empirical-quant/tech,0,0,3,0,0,2015,1
226,0,0,0,0,0,0,0,0,0,0,901,20,2,empirical-quant/tech,0,2,0,0,0,2015,1
227,0,0,0,0,0,0,0,0,0,0,904,20,3,empirical-qual,0,0,0,0,0,2015,3
228,0,0,0,0,0,0,0,0,0,0,901,40,3,empirical-quant/tech,0,2,3,3,0,2015,1
229,0,0,0,0,0,0,0,0,0,0,904,20,3,empirical-qual,0,1,3,3,0,2015,1
230,0,0,0,0,0,0,0,0,0,0,909,10,1,normative,0,1,3,3,0,2016,1
231,0,0,0,0,0,0,0,0,0,0,909,10,1,normative,0,3,3,3,0,2016,1
232,0,0,0,0,0,0,0,0,0,0,904,20,3,empirical-qual,0,2,3,0,0,2016,3
233,0,0,0,0,0,0,0,0,0,0,901,20,2,empirical-quant/tech,0,2,3,0,2,2016,1
234,0,0,0,0,0,0,0,0,0,0,901,40,3,empirical-quant/tech,0,2,3,3,0,2016,2
235,0,0,0,0,0,0,0,0,0,0,904,20,3,empirical-qual,0,1,3,0,0,2016,1
236,0,0,0,0,0,0,0,0,0,0,906,20,3,empirical-qual,0,0,3,0,2,2016,3
237,0,0,0,0,0,0,0,0,0,0,909,10,1,normative,0,2,2,0,0,2016,1
238,0,0,0,0,0,0,0,0,0,0,901,40,3,empirical-quant/tech,0,2,3,3,0,2016,3
239,0,0,0,0,0,0,0,0,0,0,902,20,2,empirical-quant/tech,0,2,3,0,0,2016,3
240,0,0,0,0,0,0,0,0,0,0,901,40,3,empirical-quant/tech,0,1,0,0,0,2016,1
241,0,0,0,0,0,0,0,0,0,0,902,20,2,empirical-quant/tech,0,2,0,0,0,2016,3
242,0,0,0,0,0,0,0,0,0,0,904,20,3,empirical-qual,0,3,3,0,1,2016,3
243,0,0,0,0,0,0,0,0,0,0,904,20,3,empirical-qual,0,3,0,0,0,2016,3
244,0,0,0,0,0,0,0,0,0,0,904,20,3,empirical-qual,0,1,0,0,0,2016,3
245,0,0,0,0,0,0,0,0,0,0,901,40,3,empirical-quant/tech,0,2,3,0,0,2017,3
246,0,0,0,0,0,0,0,0,0,0,901,40,3,empirical-quant/tech,0,2,0,1,0,2017,3
247,0,0,0,0,0,0,0,0,0,0,909,10,1,normative,0,2,3,0,0,2017,3
248,0,0,0,0,0,0,0,0,0,0,901,20,2,empirical-quant/tech,0,2,3,3,0,2017,2
249,0,0,0,0,0,0,0,0,0,0,907,40,3,empirical-quant/tech,0,2,3,3,0,2017,2
250,0,0,0,0,0,0,0,0,0,0,901,20,2,empirical-quant/tech,0,3,3,0,2,2017,2
251,0,0,0,0,0,0,0,0,0,0,901,40,3,empirical-quant/tech,0,2,3,0,0,2017,3
252,0,0,0,0,0,0,0,0,0,0,901,20,2,empirical-quant/tech,0,2,3,3,2,2017,3
253,0,0,0,0,0,0,0,0,0,0,904,20,3,empirical-qual,0,1,0,0,0,2017,1
254,0,0,0,0,0,0,0,0,0,0,901,20,2,empirical-quant/tech,0,1,3,0,3,2017,1
255,0,0,0,0,0,0,0,0,0,0,901,40,3,empirical-quant/tech,0,2,3,0,0,2017,3
256,0,0,0,0,0,0,0,0,0,0,904,20,3,empirical-qual,0,3,3,0,0,2017,3
257,0,0,0,0,0,0,0,0,0,0,901,40,3,empirical-quant/tech,0,2,3,0,0,2017,3
258,0,0,0,0,0,0,0,0,0,0,907,40,3,empirical-quant/tech,0,2,3,0,0,2018,2
259,0,0,0,0,0,0,0,0,0,0,901,40,3,empirical-quant/tech,0,2,3,3,0,2018,2
260,0,0,0,0,0,0,0,0,0,0,901,40,3,empirical-quant/tech,0,3,3,3,0,2018,3
261,0,0,0,0,0,0,0,0,0,0,901,40,3,empirical-quant/tech,0,2,3,0,0,2018,3
262,0,0,0,0,0,0,0,0,0,0,904,20,3,empirical-qual,0,3,3,0,0,2018,1
263,0,0,0,0,0,0,0,0,0,0,904,20,3,empirical-qual,0,2,3,0,0,2018,1
264,0,0,0,0,0,0,0,0,0,0,904,20,3,empirical-qual,0,2,3,3,0,2018,2
265,0,0,0,0,0,0,0,0,0,0,901,40,3,empirical-quant/tech,0,3,3,0,0,2018,3
266,0,0,0,0,0,0,0,0,0,0,906,20,3,empirical-qual,0,2,0,0,0,2018,3
267,0,0,0,0,0,0,0,0,0,0,901,40,3,empirical-quant/tech,0,2,3,3,0,2018,2
268,0,0,0,0,0,0,0,0,0,0,904,20,3,empirical-qual,0,1,3,3,0,2018,1
269,0,0,0,0,0,0,0,0,0,0,904,20,3,empirical-qual,0,1,3,0,0,2019,2
270,0,0,0,0,0,0,0,0,0,0,904,20,3,empirical-qual,0,2,0,0,0,2019,2
271,0,0,0,0,0,0,0,0,0,0,904,20,3,empirical-qual,0,2,0,0,3,2019,1
272,0,0,0,0,0,0,0,0,0,0,904,20,3,empirical-qual,0,1,3,0,0,2019,1
273,0,0,0,0,0,0,0,0,0,0,901,40,3,empirical-quant/tech,0,0,3,0,0,2019,3
274,0,0,0,0,0,0,0,0,0,0,903,30,5,empirical-quant/tech,0,2,0,0,0,2019,4
275,0,0,0,0,0,0,0,0,0,0,901,40,3,empirical-quant/tech,0,3,0,1,0,2020,3
276,0,0,0,0,0,0,0,0,0,0,904,20,3,empirical-qual,0,3,0,0,0,2020,3
277,0,0,0,0,0,0,0,0,0,0,909,10,1,normative,0,3,3,0,1,2020,3
278,0,0,0,0,0,0,0,0,0,0,906,20,3,empirical-qual,0,3,0,0,0,2020,3
279,0,0,0,0,0,0,0,0,0,0,909,10,1,normative,0,3,3,0,0,2021,4
280,0,0,0,0,0,0,0,0,0,0,904,20,3,empirical-qual,0,3,3,0,0,2021,2
281,0,0,0,0,0,0,0,0,0,0,904,20,3,empirical-qual,0,3,0,0,0,2021,2
282,0,0,0,0,0,0,0,0,0,0,906,20,3,empirical-qual,0,3,3,3,0,2021,3
283,0,0,0,0,0,0,0,0,0,0,904,20,3,empirical-qual,0,3,3,0,0,2021,3
284,0,0,0,0,0,0,0,0,0,0,906,20,3,empirical-qual,0,3,0,0,0,2021,3
285,0,0,0,0,0,0,0,0,0,0,909,10,1,normative,0,3,3,3,0,2021,3
286,0,0,0,0,0,0,0,0,0,0,902,30,5,empirical-quant/tech,0,3,3,0,0,2021,3
287,0,0,0,0,0,0,0,0,0,0,909,10,1,normative,0,3,0,0,0,2021,4
288,0,0,0,0,0,0,0,0,0,0,906,20,3,empirical-qual,0,3,3,0,0,2021,3
289,0,0,0,0,0,0,0,0,0,0,906,20,3,empirical-qual,0,3,3,0,0,2021,3
290,0,0,0,0,0,0,0,0,0,0,904,20,3,empirical-qual,0,3,0,0,0,2021,3
291,0,0,0,0,0,0,0,0,0,0,904,20,3,empirical-qual,0,3,3,3,0,2021,2
292,0,0,0,0,0,0,0,0,0,0,904,20,3,empirical-qual,0,3,3,0,0,2021,3
293,0,0,0,0,0,0,0,0,0,0,906,20,3,empirical-qual,0,3,3,0,0,2021,1
294,0,0,0,0,0,0,0,0,0,0,904,20,3,empirical-qual,0,3,0,0,0,2021,1
295,0,0,0,0,0,0,0,0,0,0,906,20,3,empirical-qual,0,3,3,0,0,2021,4
296,0,0,0,0,0,0,0,0,0,0,906,20,4,empirical-qual,0,3,3,0,0,2022,4
297,0,0,0,0,0,0,0,0,0,0,904,20,3,empirical-qual,0,3,3,0,0,2022,4
298,0,0,0,0,0,0,0,0,0,0,908,10,1,mixed,0,3,3,0,1,2022,1
299,0,0,0,0,0,0,0,0,0,0,903,30,5,empirical-quant/tech,0,3,2,0,2,2022,1
300,0,0,0,0,0,0,0,0,0,0,904,20,3,empirical-qual,0,3,0,0,0,2022,2
301,0,0,0,0,0,0,0,0,0,0,906,20,4,empirical-qual,0,3,0,0,2,2022,1
302,0,0,0,0,0,0,0,0,0,0,906,20,4,empirical-qual,0,3,0,0,2,2022,1
303,0,0,0,0,0,0,0,0,0,0,904,20,3,empirical-qual,0,3,3,0,0,2022,2
304,0,0,0,0,0,0,0,0,0,0,909,10,1,normative,0,3,3,0,0,2022,3
305,0,0,0,0,0,0,0,0,0,0,904,20,3,empirical-qual,0,3,0,0,0,2022,1
306,0,0,0,0,0,0,0,0,0,0,902,20,2,empirical-quant/tech,0,3,3,0,3,2022,3
307,0,0,0,0,0,0,0,0,0,0,904,20,4,empirical-qual,0,3,3,0,3,2022,1
308,0,0,0,0,0,0,0,0,0,0,904,20,3,empirical-qual,0,3,3,3,0,2022,2
309,0,0,0,0,0,0,0,0,0,0,904,20,3,empirical-qual,0,3,3,3,0,2022,2
310,0,0,0,0,0,0,0,0,0,0,906,20,3,empirical-qual,0,3,0,0,1,2022,4
311,0,0,0,0,0,0,0,0,0,0,906,20,3,empirical-qual,0,3,3,0,1,2022,4
312,0,0,0,0,0,0,0,0,0,0,906,20,3,empirical-qual,0,3,0,0,0,2022,1
313,0,0,0,0,0,0,0,0,0,0,904,20,3,empirical-qual,0,3,3,0,0,2022,2
314,0,0,0,0,0,0,0,0,0,0,909,10,1,normative,0,3,3,0,0,2023,2
315,0,0,0,0,0,0,0,0,0,0,904,20,3,empirical-qual,0,3,0,0,1,2023,2
316,0,0,0,0,0,0,0,0,0,0,906,20,3,empirical-qual,0,3,3,0,0,2023,1
317,0,0,0,0,0,0,0,0,0,0,906,20,3,empirical-qual,0,3,3,1,1,2023,3
318,0,0,0,0,0,0,0,0,0,0,906,20,3,empirical-qual,0,3,3,0,0,2023,2
319,0,0,0,0,0,0,0,0,0,0,903,30,5,empirical-quant/tech,0,2,3,3,0,2023,3
320,0,0,0,0,0,0,0,0,0,0,904,20,3,empirical-qual,0,1,0,0,0,2023,3
321,0,0,0,0,0,0,0,0,0,0,906,20,3,empirical-qual,0,3,3,3,1,2023,3
322,0,0,0,0,0,0,0,0,0,0,904,20,3,empirical-qual,0,3,3,3,0,2023,1
323,0,0,0,0,0,0,0,0,0,0,906,20,3,empirical-qual,0,3,0,0,0,2024,4
324,0,0,0,0,0,0,0,0,0,0,901,40,3,empirical-quant/tech,0,3,3,0,0,2024,2
325,0,0,0,0,0,0,0,0,0,0,901,40,3,empirical-quant/tech,0,2,3,1,2,2024,3
326,0,0,0,0,0,0,0,0,0,0,901,40,3,empirical-quant/tech,0,3,3,3,0,2024,3
327,0,0,0,0,0,0,0,0,0,0,904,20,3,empirical-qual,0,2,3,3,1,2024,3
328,0,0,0,0,0,0,0,0,0,0,909,10,1,normative,0,3,0,0,0,2024,3
329,0,0,0,0,0,0,0,0,0,0,901,20,2,empirical-quant/tech,0,2,3,0,3,2024,1
330,0,0,0,0,0,0,0,0,0,0,909,10,1,normative,0,3,0,0,0,2024,3
331,0,0,0,0,0,0,0,0,0,0,904,20,3,empirical-qual,0,3,3,0,0,2024,2
332,0,0,0,0,0,0,0,0,0,0,904,20,4,empirical-qual,0,2,3,0,0,2024,3
333,0,0,0,0,0,0,0,0,0,0,906,20,3,empirical-qual,0,3,3,0,0,2024,3
334,0,0,0,0,0,0,0,0,0,0,906,20,3,empirical-qual,0,3,3,0,1,2024,1
335,0,0,0,0,0,0,0,0,0,0,904,20,3,empirical-qual,0,2,3,3,0,2024,1
336,0,0,0,0,0,0,0,0,0,0,903,30,5,empirical-quant/tech,0,3,3,0,1,2024,2
337,0,0,0,0,0,0,0,0,0,0,904,20,3,empirical-qual,0,3,3,3,0,2024,1
338,0,0,0,0,0,0,0,0,0,0,904,20,3,empirical-qual,0,3,3,0,0,2025,1
339,0,0,0,0,0,0,0,0,0,0,906,20,3,empirical-qual,0,3,0,0,1,2025,1
340,0,0,0,0,0,0,0,0,0,0,904,20,4,empirical-qual,0,2,0,0,3,2025,2
341,0,0,0,0,0,0,0,0,0,0,909,10,1,normative,0,3,3,0,0,2025,1
342,0,0,0,0,0,0,0,0,0,0,903,30,5,empirical-quant/tech,0,1,3,0,0,2025,1
343,0,0,0,0,0,0,0,0,0,0,906,20,3,empirical-qual,0,3,3,0,0,2025,1
344,0,0,0,0,0,0,0,0,0,0,903,30,5,empirical-quant/tech,0,3,0,0,0,2025,2
345,0,0,0,0,0,0,0,0,0,0,904,20,3,empirical-qual,0,2,3,3,0,2002,1
346,0,0,0,0,0,0,0,0,0,0,908,10,1,mixed,0,1,0,0,0,2003,1
347,0,0,0,0,0,0,0,0,0,0,904,20,3,empirical-qual,0,2,3,3,0,2004,1
348,0,0,0,0,0,0,0,0,0,0,901,40,3,empirical-quant/tech,0,2,0,0,0,2004,1
349,0,0,0,0,0,0,0,0,0,0,901,40,3,empirical-quant/tech,0,2,3,0,0,2004,3
350,0,0,0,0,0,0,0,0,0,0,904,20,3,empirical-qual,0,2,0,0,0,2005,2
351,0,0,0,0,0,0,0,0,0,0,904,20,3,empirical-qual,0,2,0,0,0,2005,2
352,0,0,0,0,0,0,0,0,0,0,904,20,3,empirical-qual,0,2,0,0,0,2005,2
353,0,0,0,0,0,0,0,0,0,0,904,20,3,empirical-qual,0,2,3,0,1,2004,2
354,0,0,0,0,0,0,0,0,0,0,903,30,5,empirical-quant/tech,0,3,3,3,0,2003,3
355,0,0,0,0,0,0,0,0,0,0,909,10,1,normative,0,2,0,0,0,2004,1
356,0,0,0,0,0,0,0,0,0,0,904,20,3,empirical-qual,0,2,0,0,0,2005,3
357,0,0,0,0,0,0,0,0,0,0,904,20,3,empirical-qual,0,2,3,0,0,2006,2
358,0,0,0,0,0,0,0,0,0,0,901,40,3,empirical-quant/tech,0,2,3,3,0,2005,2
359,0,0,0,0,0,0,0,0,0,0,904,20,3,empirical-qual,0,2,3,3,0,2006,1
360,0,0,0,0,0,0,0,0,0,0,901,40,3,empirical-quant/tech,0,3,3,3,0,2008,3
361,0,0,0,0,0,0,0,0,0,0,908,10,1,mixed,0,2,3,0,1,2008,2
362,0,0,0,0,0,0,0,0,0,0,909,10,1,normative,0,2,3,0,0,2008,2
363,0,0,0,0,0,0,0,0,0,0,909,10,1,normative,0,2,3,0,0,2008,2
364,0,0,0,0,0,0,0,0,0,0,901,40,3,empirical-quant/tech,0,2,3,0,0,2009,2
365,0,0,0,0,0,0,0,0,0,0,901,40,3,empirical-quant/tech,0,2,3,3,0,2009,3
366,0,0,0,0,0,0,0,0,0,0,908,40,3,mixed,0,2,3,0,0,2008,2
367,0,0,0,0,0,0,0,0,0,0,903,30,5,empirical-quant/tech,0,2,3,3,0,2009,3
368,0,0,0,0,0,0,0,0,0,0,901,40,3,empirical-quant/tech,0,3,3,3,0,2009,1
369,0,0,0,0,0,0,0,0,0,0,909,10,1,normative,0,2,0,0,1,2009,3
370,0,0,0,0,0,0,0,0,0,0,901,40,3,empirical-quant/tech,0,2,3,3,0,2009,1
371,0,0,0,0,0,0,0,0,0,0,904,20,3,empirical-qual,0,2,3,3,0,2009,3
372,0,0,0,0,0,0,0,0,0,0,905,40,3,empirical-qual,0,2,0,0,0,2010,3
373,0,0,0,0,0,0,0,0,0,0,904,20,3,empirical-qual,0,3,0,0,0,2010,3
374,0,0,0,0,0,0,0,0,0,0,901,40,3,empirical-quant/tech,0,3,3,0,3,2010,3
375,0,0,0,0,0,0,0,0,0,0,904,20,3,empirical-qual,0,2,0,0,0,2010,3
376,0,0,0,0,0,0,0,0,0,0,909,10,1,normative,0,3,0,0,0,2009,1
377,0,0,0,0,0,0,0,0,0,0,904,20,3,empirical-qual,0,2,3,3,0,2010,3
378,0,0,0,0,0,0,0,0,0,0,902,20,2,empirical-quant/tech,0,2,3,3,0,2010,2
379,0,0,0,0,0,0,0,0,0,0,904,20,3,empirical-qual,0,3,0,0,1,2010,1
380,0,0,0,0,0,0,0,0,0,0,904,20,4,empirical-qual,0,2,0,0,2,2010,3
381,0,0,0,0,0,0,0,0,0,0,909,10,1,normative,0,3,0,0,0,2011,3
382,0,0,0,0,0,0,0,0,0,0,904,20,3,empirical-qual,0,2,0,0,2,2011,3
383,0,0,0,0,0,0,0,0,0,0,901,40,3,empirical-quant/tech,0,2,0,0,1,2011,3
384,0,0,0,0,0,0,0,0,0,0,909,10,1,normative,0,2,0,0,0,2011,3
385,0,0,0,0,0,0,0,0,0,0,904,20,3,empirical-qual,0,2,0,0,0,2012,3
386,0,0,0,0,0,0,0,0,0,0,904,20,4,empirical-qual,0,2,0,0,2,2012,3
387,0,0,0,0,0,0,0,0,0,0,909,10,1,normative,0,2,3,0,1,2012,1
388,0,0,0,0,0,0,0,0,0,0,909,10,1,normative,0,2,3,0,1,2012,2
389,0,0,0,0,0,0,0,0,0,0,909,10,1,normative,0,3,0,0,0,2012,1
390,0,0,0,0,0,0,0,0,0,0,904,20,3,empirical-qual,0,3,3,0,0,2012,3
391,0,0,0,0,0,0,0,0,0,0,909,10,1,normative,0,2,3,0,1,2012,2
392,0,0,0,0,0,0,0,0,0,0,901,40,3,empirical-quant/tech,0,2,0,0,1,2013,1
393,0,0,0,0,0,0,0,0,0,0,904,20,3,empirical-qual,0,2,3,0,2,2013,3
394,0,0,0,0,0,0,0,0,0,0,901,20,2,empirical-quant/tech,0,2,3,0,0,2013,3
395,0,0,0,0,0,0,0,0,0,0,904,20,3,empirical-qual,0,2,3,0,0,2013,2
396,0,0,0,0,0,0,0,0,0,0,909,10,1,normative,0,2,0,0,0,2014,3
397,0,0,0,0,0,0,0,0,0,0,908,10,1,mixed,0,2,3,0,0,2014,2
398,0,0,0,0,0,0,0,0,0,0,909,10,1,normative,0,2,3,0,0,2014,3
399,0,0,0,0,0,0,0,0,0,0,903,30,5,empirical-quant/tech,0,2,3,0,0,2014,3
400,0,0,0,0,0,0,0,0,0,0,904,20,3,empirical-qual,0,3,3,1,2,2014,2
401,0,0,0,0,0,0,0,0,0,0,902,20,2,empirical-quant/tech,0,2,0,0,3,2014,3
402,0,0,0,0,0,0,0,0,0,0,909,10,1,normative,0,2,3,3,1,2014,1
403,0,0,0,0,0,0,0,0,0,0,904,20,3,empirical-qual,0,2,3,0,0,2014,3
404,0,0,0,0,0,0,0,0,0,0,901,40,3,empirical-quant/tech,0,3,3,3,0,2014,3
405,0,0,0,0,0,0,0,0,0,0,904,20,3,empirical-qual,0,2,0,0,0,2014,1
406,0,0,0,0,0,0,0,0,0,0,901,40,3,empirical-quant/tech,0,2,2,0,0,2013,3
407,0,0,0,0,0,0,0,0,0,0,908,10,1,mixed,0,2,3,0,0,2014,3
408,0,0,0,0,0,0,0,0,0,0,901,40,3,empirical-quant/tech,0,2,3,0,1,2014,2
409,0,0,0,0,0,0,0,0,0,0,909,10,1,normative,0,2,3,3,0,2014,1
410,0,0,0,0,0,0,0,0,0,0,909,10,1,normative,0,3,3,0,0,2015,2
411,0,0,0,0,0,0,0,0,0,0,909,10,1,normative,0,2,3,0,0,2015,2
412,0,0,0,0,0,0,0,0,0,0,909,10,1,normative,0,2,3,3,0,2015,2
413,0,0,0,0,0,0,0,0,0,0,909,10,1,normative,0,2,3,0,0,2015,2
414,0,0,0,0,0,0,0,0,0,0,904,20,3,empirical-qual,0,3,3,0,1,2015,1
415,0,0,0,0,0,0,0,0,0,0,901,40,3,empirical-quant/tech,0,2,3,0,0,2015,2
416,0,0,0,0,0,0,0,0,0,0,904,20,3,empirical-qual,0,2,0,0,1,2015,3
417,0,0,0,0,0,0,0,0,0,0,909,10,1,normative,0,2,3,0,0,2015,3
418,0,0,0,0,0,0,0,0,0,0,904,20,3,empirical-qual,0,2,3,0,0,2015,3
419,0,0,0,0,0,0,0,0,0,0,908,20,2,mixed,0,2,3,0,0,2015,2
420,0,0,0,0,0,0,0,0,0,0,904,20,3,empirical-qual,0,3,3,3,2,2015,2
421,0,0,0,0,0,0,0,0,0,0,909,10,1,normative,0,2,3,0,0,2016,1
422,0,0,0,0,0,0,0,0,0,0,909,10,1,normative,0,2,3,0,0,2016,3
423,0,0,0,0,0,0,0,0,0,0,903,30,5,empirical-quant/tech,0,3,3,0,1,2016,3
424,0,0,0,0,0,0,0,0,0,0,908,10,1,mixed,0,2,0,0,1,2016,3
425,0,0,0,0,0,0,0,0,0,0,906,20,3,empirical-qual,0,2,3,1,0,2016,2
426,0,0,0,0,0,0,0,0,0,0,909,10,1,normative,0,2,3,0,1,2016,2
427,0,0,0,0,0,0,0,0,0,0,903,30,5,empirical-quant/tech,0,3,3,3,1,2016,1
428,0,0,0,0,0,0,0,0,0,0,904,20,4,empirical-qual,0,2,0,0,1,2016,3
429,0,0,0,0,0,0,0,0,0,0,903,30,5,empirical-quant/tech,0,3,3,0,1,2017,2
430,0,0,0,0,0,0,0,0,0,0,904,20,3,empirical-qual,0,3,1,0,1,2017,3
431,0,0,0,0,0,0,0,0,0,0,906,20,4,empirical-qual,0,3,3,3,2,2017,2
432,0,0,0,0,0,0,0,0,0,0,904,20,3,empirical-qual,0,3,3,0,1,2017,3
433,0,0,0,0,0,0,0,0,0,0,901,40,3,empirical-quant/tech,0,2,3,3,0,2018,2
434,0,0,0,0,0,0,0,0,0,0,904,20,3,empirical-qual,0,1,3,3,1,2018,2
435,0,0,0,0,0,0,0,0,0,0,909,10,1,normative,0,2,0,0,0,2018,3
436,0,0,0,0,0,0,0,0,0,0,901,40,3,empirical-quant/tech,0,2,3,3,1,2018,2
437,0,0,0,0,0,0,0,0,0,0,904,20,3,empirical-qual,0,3,3,0,0,2018,3
438,0,0,0,0,0,0,0,0,0,0,904,20,3,empirical-qual,0,3,3,0,0,2018,1
439,0,0,0,0,0,0,0,0,0,0,902,20,4,empirical-quant/tech,0,3,3,0,3,2018,2
440,0,0,0,0,0,0,0,0,0,0,904,20,3,empirical-qual,0,3,3,0,0,2018,3
441,0,0,0,0,0,0,0,0,0,0,904,20,3,empirical-qual,0,3,3,0,0,2018,2
442,0,0,0,0,0,0,0,0,0,0,901,20,2,empirical-quant/tech,0,3,0,0,0,2018,4
443,0,0,0,0,0,0,0,0,0,0,903,30,5,empirical-quant/tech,0,2,3,0,1,2018,2
444,0,0,0,0,0,0,0,0,0,0,902,30,5,empirical-quant/tech,0,3,3,3,3,2018,1
445,0,0,0,0,0,0,0,0,0,0,908,10,1,mixed,0,2,3,0,0,2018,3
446,0,0,0,0,0,0,0,0,0,0,903,30,5,empirical-quant/tech,0,3,2,0,1,2018,3
447,0,0,0,0,0,0,0,0,0,0,904,20,3,empirical-qual,0,3,3,3,0,2019,2
448,0,0,0,0,0,0,0,0,0,0,902,30,5,empirical-quant/tech,0,2,3,3,3,2018,2
449,0,0,0,0,0,0,0,0,0,0,904,20,3,empirical-qual,0,2,3,3,0,2019,2
450,0,0,0,0,0,0,0,0,0,0,901,40,3,empirical-quant/tech,0,2,2,0,0,2018,2
451,0,0,0,0,0,0,0,0,0,0,904,20,3,empirical-qual,0,3,3,0,1,2019,2
452,0,0,0,0,0,0,0,0,0,0,903,30,5,empirical-quant/tech,0,3,3,3,1,2019,2
453,0,0,0,0,0,0,0,0,0,0,908,40,3,mixed,0,2,3,0,1,2019,2
454,0,0,0,0,0,0,0,0,0,0,904,20,3,empirical-qual,0,3,3,3,1,2019,1
455,0,0,0,0,0,0,0,0,0,0,908,40,3,mixed,0,2,3,3,1,2019,2
456,0,0,0,0,0,0,0,0,0,0,909,10,1,normative,0,3,3,0,0,2019,1
457,0,0,0,0,0,0,0,0,0,0,904,20,3,empirical-qual,0,2,3,0,2,2019,3
458,0,0,0,0,0,0,0,0,0,0,908,40,3,mixed,0,3,3,0,1,2019,4
459,0,0,0,0,0,0,0,0,0,0,909,10,1,normative,0,1,3,3,3,2019,2
460,0,0,0,0,0,0,0,0,0,0,904,20,3,empirical-qual,0,3,3,0,0,2019,2
461,0,0,0,0,0,0,0,0,0,0,903,30,5,empirical-quant/tech,0,3,0,0,1,2019,1
462,0,0,0,0,0,0,0,0,0,0,903,30,5,empirical-quant/tech,0,2,3,0,3,2019,3
463,0,0,0,0,0,0,0,0,0,0,903,30,5,empirical-quant/tech,0,2,3,0,3,2019,3
464,0,0,0,0,0,0,0,0,0,0,909,10,1,normative,0,3,3,0,1,2019,4
465,0,0,0,0,0,0,0,0,0,0,909,10,1,normative,0,3,3,3,1,2019,1
466,0,0,0,0,0,0,0,0,0,0,909,10,1,normative,0,3,3,3,1,2019,2
467,0,0,0,0,0,0,0,0,0,0,904,20,3,empirical-qual,0,2,3,0,0,2019,3
468,0,0,0,0,0,0,0,0,0,0,904,20,3,empirical-qual,0,3,3,3,0,2019,2
469,0,0,0,0,0,0,0,0,0,0,906,20,3,empirical-qual,0,3,3,0,0,2019,2
470,0,0,0,0,0,0,0,0,0,0,904,20,3,empirical-qual,0,3,3,0,1,2019,1
471,0,0,0,0,0,0,0,0,0,0,901,20,2,empirical-quant/tech,0,3,0,1,2,2019,3
472,0,0,0,0,0,0,0,0,0,0,904,20,3,empirical-qual,0,3,3,0,0,2019,2
473,0,0,0,0,0,0,0,0,0,0,904,20,3,empirical-qual,0,2,3,0,1,2019,1
474,0,0,0,0,0,0,0,0,0,0,904,20,3,empirical-qual,0,3,0,0,1,2019,2
475,0,0,0,0,0,0,0,0,0,0,904,20,3,empirical-qual,0,3,3,0,0,2019,2
476,0,0,0,0,0,0,0,0,0,0,904,20,3,empirical-qual,0,2,3,0,2,2019,3
477,0,0,0,0,0,0,0,0,0,0,909,10,1,normative,0,2,3,0,1,2019,1
478,0,0,0,0,0,0,0,0,0,0,904,20,3,empirical-qual,0,2,3,0,0,2020,2
479,0,0,0,0,0,0,0,0,0,0,904,20,3,empirical-qual,0,3,3,0,1,2020,3
480,0,0,0,0,0,0,0,0,0,0,901,40,3,empirical-quant/tech,0,3,2,0,1,2019,2
481,0,0,0,0,0,0,0,0,0,0,907,20,2,empirical-quant/tech,0,3,3,0,0,2020,3
482,0,0,0,0,0,0,0,0,0,0,903,30,5,empirical-quant/tech,0,3,3,3,1,2020,2
483,0,0,0,0,0,0,0,0,0,0,901,40,3,empirical-quant/tech,0,3,3,0,0,2020,4
484,0,0,0,0,0,0,0,0,0,0,904,20,3,empirical-qual,0,2,3,3,0,2020,2
485,0,0,0,0,0,0,0,0,0,0,901,40,3,empirical-quant/tech,0,3,3,3,1,2020,3
486,0,0,0,0,0,0,0,0,0,0,906,20,4,empirical-qual,0,3,3,0,3,2020,2
487,0,0,0,0,0,0,0,0,0,0,904,20,3,empirical-qual,0,3,0,0,0,2020,2
488,0,0,0,0,0,0,0,0,0,0,904,20,4,empirical-qual,0,3,3,0,3,2020,3
489,0,0,0,0,0,0,0,0,0,0,904,20,3,empirical-qual,0,3,3,3,0,2020,1
490,0,0,0,0,0,0,0,0,0,0,906,20,3,empirical-qual,0,3,3,0,0,2020,1
491,0,0,0,0,0,0,0,0,0,0,903,30,5,empirical-quant/tech,0,3,3,0,1,2020,2
492,0,0,0,0,0,0,0,0,0,0,906,20,3,empirical-qual,0,2,3,1,1,2020,2
493,0,0,0,0,0,0,0,0,0,0,906,20,3,empirical-qual,0,3,0,0,0,2020,3
494,0,0,0,0,0,0,0,0,0,0,906,20,3,empirical-qual,0,3,0,0,1,2020,3
495,0,0,0,0,0,0,0,0,0,0,904,20,3,empirical-qual,0,3,3,3,1,2020,1
496,0,0,0,0,0,0,0,0,0,0,903,30,5,empirical-quant/tech,0,3,3,0,0,2020,2
497,0,0,0,0,0,0,0,0,0,0,904,20,4,empirical-qual,0,3,3,0,2,2021,2
498,0,0,0,0,0,0,0,0,0,0,909,10,1,normative,0,3,0,0,1,2020,1
499,0,0,0,0,0,0,0,0,0,0,906,20,4,empirical-qual,0,3,3,0,3,2020,2
500,0,0,0,0,0,0,0,0,0,0,902,20,4,empirical-quant/tech,0,3,3,0,3,2020,3
501,0,0,0,0,0,0,0,0,0,0,904,20,4,empirical-qual,0,2,3,0,1,2020,2
502,0,0,0,0,0,0,0,0,0,0,906,20,3,empirical-qual,0,3,0,0,1,2021,4
503,0,0,0,0,0,0,0,0,0,0,906,20,3,empirical-qual,0,3,0,0,1,2020,2
504,0,0,0,0,0,0,0,0,0,0,904,20,3,empirical-qual,0,3,0,0,1,2021,1
505,0,0,0,0,0,0,0,0,0,0,903,30,5,empirical-quant/tech,0,2,3,0,3,2020,2
506,0,0,0,0,0,0,0,0,0,0,904,20,3,empirical-qual,0,3,3,0,2,2020,3
507,0,0,0,0,0,0,0,0,0,0,904,20,3,empirical-qual,0,3,3,3,0,2020,2
508,0,0,0,0,0,0,0,0,0,0,902,30,5,empirical-quant/tech,0,3,3,3,2,2021,2
509,0,0,0,0,0,0,0,0,0,0,904,20,3,empirical-qual,0,3,0,0,1,2020,4
510,0,0,0,0,0,0,0,0,0,0,904,20,3,empirical-qual,0,3,0,0,1,2020,3
511,0,0,0,0,0,0,0,0,0,0,904,20,4,empirical-qual,0,3,3,3,3,2021,2
512,0,0,0,0,0,0,0,0,0,0,904,20,3,empirical-qual,0,3,0,0,1,2020,3
513,0,0,0,0,0,0,0,0,0,0,904,20,4,empirical-qual,0,3,0,0,1,2020,3
514,0,0,0,0,0,0,0,0,0,0,904,20,3,empirical-qual,0,2,0,0,1,2021,1
515,0,0,0,0,0,0,0,0,0,0,901,40,3,empirical-quant/tech,0,2,0,0,0,2021,2
516,0,0,0,0,0,0,0,0,0,0,901,40,3,empirical-quant/tech,0,3,0,0,1,2021,2
517,0,0,0,0,0,0,0,0,0,0,901,40,3,empirical-quant/tech,0,2,0,0,0,2021,1
518,0,0,0,0,0,0,0,0,0,0,909,10,1,normative,0,2,2,0,0,2021,3
519,0,0,0,0,0,0,0,0,0,0,909,10,1,normative,0,2,0,0,0,2021,1
520,0,0,0,0,0,0,0,0,0,0,904,20,3,empirical-qual,0,3,0,0,0,2021,1
521,0,0,0,0,0,0,0,0,0,0,904,20,3,empirical-qual,0,2,3,3,0,2021,1
522,0,0,0,0,0,0,0,0,0,0,901,40,3,empirical-quant/tech,0,3,3,0,1,2021,1
523,0,0,0,0,0,0,0,0,0,0,904,20,3,empirical-qual,0,2,3,3,1,2021,1
524,0,0,0,0,0,0,0,0,0,0,904,20,4,empirical-qual,0,3,3,3,3,2021,2
525,0,0,0,0,0,0,0,0,0,0,901,40,3,empirical-quant/tech,0,2,0,0,0,2021,1
526,0,0,0,0,0,0,0,0,0,0,903,30,5,empirical-quant/tech,0,3,3,0,0,2021,3
527,0,0,0,0,0,0,0,0,0,0,901,40,3,empirical-quant/tech,0,2,0,0,0,2021,3
528,0,0,0,0,0,0,0,0,0,0,901,40,3,empirical-quant/tech,0,3,3,0,0,2021,2
529,0,0,0,0,0,0,0,0,0,0,904,20,4,empirical-qual,0,2,0,0,0,2021,1
530,0,0,0,0,0,0,0,0,0,0,909,10,1,normative,0,2,0,0,1,2021,4
531,0,0,0,0,0,0,0,0,0,0,904,20,3,empirical-qual,0,2,0,0,1,2021,1
532,0,0,0,0,0,0,0,0,0,0,904,20,3,empirical-qual,0,2,0,0,0,2021,2
533,0,0,0,0,0,0,0,0,0,0,903,30,5,empirical-quant/tech,0,2,3,0,0,2021,1
534,0,0,0,0,0,0,0,0,0,0,909,10,1,normative,0,2,3,0,0,2021,3
535,0,0,0,0,0,0,0,0,0,0,909,10,1,normative,0,3,2,0,0,2021,2
536,0,0,0,0,0,0,0,0,0,0,904,20,3,empirical-qual,0,3,0,0,1,2021,1
537,0,0,0,0,0,0,0,0,0,0,906,20,3,empirical-qual,0,3,3,0,0,2021,2
538,0,0,0,0,0,0,0,0,0,0,904,20,3,empirical-qual,0,2,3,0,0,2021,1
539,0,0,0,0,0,0,0,0,0,0,908,10,1,mixed,0,2,0,0,0,2021,1
540,0,0,0,0,0,0,0,0,0,0,906,20,3,empirical-qual,0,3,0,0,1,2021,3
541,0,0,0,0,0,0,0,0,0,0,904,20,3,empirical-qual,0,2,0,0,0,2021,1
542,0,0,0,0,0,0,0,0,0,0,904,20,3,empirical-qual,0,2,0,0,1,2021,1
543,0,0,0,0,0,0,0,0,0,0,903,30,5,empirical-quant/tech,0,3,3,0,0,2021,2
544,0,0,0,0,0,0,0,0,0,0,904,20,3,empirical-qual,0,2,0,0,0,2021,1
545,0,0,0,0,0,0,0,0,0,0,906,20,3,empirical-qual,0,3,3,0,0,2021,2
546,0,0,0,0,0,0,0,0,0,0,904,20,3,empirical-qual,0,2,0,0,0,2021,4
547,0,0,0,0,0,0,0,0,0,0,904,20,3,empirical-qual,0,2,0,0,0,2021,1
548,0,0,0,0,0,0,0,0,0,0,904,20,3,empirical-qual,0,2,3,0,0,2021,3
549,0,0,0,0,0,0,0,0,0,0,904,20,3,empirical-qual,0,0,0,0,0,2021,3
550,0,0,0,0,0,0,0,0,0,0,903,30,5,empirical-quant/tech,0,2,3,0,2,2022,1
551,0,0,0,0,0,0,0,0,0,0,901,40,3,empirical-quant/tech,0,3,0,0,0,2021,1
552,0,0,0,0,0,0,0,0,0,0,901,40,3,empirical-quant/tech,0,2,0,0,1,2021,3
553,0,0,0,0,0,0,0,0,0,0,903,30,5,empirical-quant/tech,0,3,3,3,2,2021,2
554,0,0,0,0,0,0,0,0,0,0,903,30,5,empirical-quant/tech,0,3,3,0,2,2021,1
555,0,0,0,0,0,0,0,0,0,0,903,30,5,empirical-quant/tech,0,3,3,0,0,2021,2
556,0,0,0,0,0,0,0,0,0,0,904,20,3,empirical-qual,0,3,3,3,0,2021,1
557,0,0,0,0,0,0,0,0,0,0,904,20,4,empirical-qual,0,3,3,0,0,2020,2
558,0,0,0,0,0,0,0,0,0,0,903,30,5,empirical-quant/tech,0,3,3,0,0,2021,1
559,0,0,0,0,0,0,0,0,0,0,904,20,3,empirical-qual,0,2,3,0,3,2021,3
560,0,0,0,0,0,0,0,0,0,0,906,20,4,empirical-qual,0,3,3,0,1,2022,3
561,0,0,0,0,0,0,0,0,0,0,903,30,5,empirical-quant/tech,0,3,3,0,1,2022,1
562,0,0,0,0,0,0,0,0,0,0,904,20,3,empirical-qual,0,3,3,0,1,2022,1
563,0,0,0,0,0,0,0,0,0,0,904,20,3,empirical-qual,0,3,3,0,1,2022,1
564,0,0,0,0,0,0,0,0,0,0,903,30,5,empirical-quant/tech,0,2,3,0,1,2022,1
565,0,0,0,0,0,0,0,0,0,0,904,20,4,empirical-qual,0,3,3,3,0,2022,2
566,0,0,0,0,0,0,0,0,0,0,903,30,5,empirical-quant/tech,0,3,3,3,0,2022,2
567,0,0,0,0,0,0,0,0,0,0,903,30,5,empirical-quant/tech,0,2,0,0,3,2022,2
568,0,0,0,0,0,0,0,0,0,0,903,30,5,empirical-quant/tech,0,3,3,0,1,2022,2
569,0,0,0,0,0,0,0,0,0,0,904,20,3,empirical-qual,0,3,3,3,2,2022,2
570,0,0,0,0,0,0,0,0,0,0,904,20,4,empirical-qual,0,3,2,0,0,2022,3
571,0,0,0,0,0,0,0,0,0,0,904,20,3,empirical-qual,0,3,0,0,0,2022,2
572,0,0,0,0,0,0,0,0,0,0,908,10,1,mixed,0,3,3,0,0,2022,2
573,0,0,0,0,0,0,0,0,0,0,903,30,5,empirical-quant/tech,0,2,3,0,1,2022,3
574,0,0,0,0,0,0,0,0,0,0,901,40,3,empirical-quant/tech,0,3,2,0,0,2022,3
575,0,0,0,0,0,0,0,0,0,0,906,20,3,empirical-qual,0,3,3,0,1,2022,3
576,0,0,0,0,0,0,0,0,0,0,904,20,4,empirical-qual,0,3,0,0,2,2022,3
577,0,0,0,0,0,0,0,0,0,0,904,20,3,empirical-qual,0,3,0,0,0,2022,2
578,0,0,0,0,0,0,0,0,0,0,903,30,5,empirical-quant/tech,0,3,0,0,0,2022,2
579,0,0,0,0,0,0,0,0,0,0,906,20,3,empirical-qual,0,2,0,0,0,2022,3
580,0,0,0,0,0,0,0,0,0,0,904,20,3,empirical-qual,0,3,3,0,0,2022,4
581,0,0,0,0,0,0,0,0,0,0,901,20,2,empirical-quant/tech,0,3,3,0,2,2022,1
582,0,0,0,0,0,0,0,0,0,0,901,40,3,empirical-quant/tech,0,2,3,1,0,2022,1
583,0,0,0,0,0,0,0,0,0,0,901,40,3,empirical-quant/tech,0,3,3,0,0,2022,2
584,0,0,0,0,0,0,0,0,0,0,903,30,5,empirical-quant/tech,0,3,2,0,0,2022,2
585,0,0,0,0,0,0,0,0,0,0,908,20,2,mixed,0,2,3,0,0,2023,2
586,0,0,0,0,0,0,0,0,0,0,904,20,3,empirical-qual,0,2,0,0,2,2022,2
587,0,0,0,0,0,0,0,0,0,0,904,20,3,empirical-qual,0,3,3,0,3,2022,2
588,0,0,0,0,0,0,0,0,0,0,902,30,5,empirical-quant/tech,0,2,0,0,3,2022,3
589,0,0,0,0,0,0,0,0,0,0,904,20,3,empirical-qual,0,3,3,0,1,2022,1
590,0,0,0,0,0,0,0,0,0,0,904,20,3,empirical-qual,0,2,3,3,2,2022,3
591,0,0,0,0,0,0,0,0,0,0,904,20,3,empirical-qual,0,2,3,0,0,2022,2
592,0,0,0,0,0,0,0,0,0,0,904,20,3,empirical-qual,0,3,3,3,0,2022,2
593,0,0,0,0,0,0,0,0,0,0,904,20,3,empirical-qual,0,3,3,0,1,2022,4
594,0,0,0,0,0,0,0,0,0,0,904,20,3,empirical-qual,0,3,3,0,1,2022,2
595,0,0,0,0,0,0,0,0,0,0,908,10,1,mixed,0,3,2,0,3,2022,3
596,0,0,0,0,0,0,0,0,0,0,903,30,5,empirical-quant/tech,0,3,0,0,0,2022,3
597,0,0,0,0,0,0,0,0,0,0,908,40,3,mixed,0,3,3,3,1,2022,3
598,0,0,0,0,0,0,0,0,0,0,904,20,3,empirical-qual,0,3,0,0,0,2022,1
599,0,0,0,0,0,0,0,0,0,0,907,40,3,empirical-quant/tech,0,3,0,1,1,2022,3
600,0,0,0,0,0,0,0,0,0,0,904,20,3,empirical-qual,0,2,3,0,1,2022,2
601,0,0,0,0,0,0,0,0,0,0,904,20,3,empirical-qual,0,3,0,0,0,2022,4
602,0,0,0,0,0,0,0,0,0,0,903,30,5,empirical-quant/tech,0,2,3,0,1,2022,2
603,0,0,0,0,0,0,0,0,0,0,902,20,2,empirical-quant/tech,0,3,3,3,3,2022,3
604,0,0,0,0,0,0,0,0,0,0,904,20,3,empirical-qual,0,3,3,0,1,2022,3
605,0,0,0,0,0,0,0,0,0,0,904,20,3,empirical-qual,0,3,0,0,0,2022,2
606,0,0,0,0,0,0,0,0,0,0,902,20,2,empirical-quant/tech,0,2,0,0,3,2022,2
607,0,0,0,0,0,0,0,0,0,0,903,30,5,empirical-quant/tech,0,3,0,0,1,2022,1
608,0,0,0,0,0,0,0,0,0,0,909,10,1,normative,0,3,3,0,3,2022,1
609,0,0,0,0,0,0,0,0,0,0,902,30,5,empirical-quant/tech,0,3,2,0,3,2022,4
610,0,0,0,0,0,0,0,0,0,0,908,10,1,mixed,0,3,0,0,1,2022,3
611,0,0,0,0,0,0,0,0,0,0,904,20,4,empirical-qual,0,3,3,0,0,2022,2
612,0,0,0,0,0,0,0,0,0,0,903,30,5,empirical-quant/tech,0,3,0,0,1,2022,3
613,0,0,0,0,0,0,0,0,0,0,904,20,3,empirical-qual,0,3,3,0,0,2022,2
614,0,0,0,0,0,0,0,0,0,0,904,20,3,empirical-qual,0,3,0,0,0,2022,1
615,0,0,0,0,0,0,0,0,0,0,905,20,2,empirical-qual,0,3,3,0,0,2023,4
616,0,0,0,0,0,0,0,0,0,0,903,30,5,empirical-quant/tech,0,3,0,0,1,2022,3
617,0,0,0,0,0,0,0,0,0,0,904,20,4,empirical-qual,0,3,3,0,1,2022,1
618,0,0,0,0,0,0,0,0,0,0,902,20,2,empirical-quant/tech,0,3,3,0,3,2022,4
619,0,0,0,0,0,0,0,0,0,0,904,20,4,empirical-qual,0,3,0,0,2,2022,4
620,0,0,0,0,0,0,0,0,0,0,904,20,3,empirical-qual,0,3,3,0,2,2022,3
621,0,0,0,0,0,0,0,0,0,0,904,20,3,empirical-qual,0,3,3,1,1,2022,3
622,0,0,0,0,0,0,0,0,0,0,904,20,4,empirical-qual,0,3,3,0,2,2022,3
623,0,0,0,0,0,0,0,0,0,0,901,20,2,empirical-quant/tech,0,3,0,0,2,2022,2
624,0,0,0,0,0,0,0,0,0,0,904,20,4,empirical-qual,0,3,0,0,2,2022,1
625,0,0,0,0,0,0,0,0,0,0,901,20,2,empirical-quant/tech,0,3,0,0,1,2022,3
626,0,0,0,0,0,0,0,0,0,0,904,20,4,empirical-qual,0,2,0,0,2,2022,2
627,0,0,0,0,0,0,0,0,0,0,906,20,3,empirical-qual,0,3,0,0,0,2022,1
628,0,0,0,0,0,0,0,0,0,0,908,20,2,mixed,0,3,3,0,2,2022,2
629,0,0,0,0,0,0,0,0,0,0,904,20,4,empirical-qual,0,3,3,3,2,2022,2
630,0,0,0,0,0,0,0,0,0,0,903,30,5,empirical-quant/tech,0,2,0,0,0,2022,1
631,0,0,0,0,0,0,0,0,0,0,901,20,2,empirical-quant/tech,0,3,0,0,2,2022,3
632,0,0,0,0,0,0,0,0,0,0,906,20,3,empirical-qual,0,3,0,0,0,2022,4
633,0,0,0,0,0,0,0,0,0,0,904,20,3,empirical-qual,0,2,0,0,0,2022,1
634,0,0,0,0,0,0,0,0,0,0,903,30,5,empirical-quant/tech,0,3,3,0,3,2022,2
635,0,0,0,0,0,0,0,0,0,0,904,20,3,empirical-qual,0,3,2,0,0,2022,3
636,0,0,0,0,0,0,0,0,0,0,903,30,5,empirical-quant/tech,0,3,2,0,1,2022,1
637,0,0,0,0,0,0,0,0,0,0,904,20,3,empirical-qual,0,2,0,0,1,2023,1
638,0,0,0,0,0,0,0,0,0,0,904,20,3,empirical-qual,0,3,3,3,0,2022,1
639,0,0,0,0,0,0,0,0,0,0,903,30,5,empirical-quant/tech,0,3,3,0,1,2022,3
640,0,0,0,0,0,0,0,0,0,0,903,30,5,empirical-quant/tech,0,3,3,0,1,2022,3
641,0,0,0,0,0,0,0,0,0,0,909,10,1,normative,0,2,2,0,1,2022,1
642,0,0,0,0,0,0,0,0,0,0,903,30,5,empirical-quant/tech,0,2,3,0,0,2022,3
643,0,0,0,0,0,0,0,0,0,0,906,20,3,empirical-qual,0,2,3,1,0,2022,2
644,0,0,0,0,0,0,0,0,0,0,903,30,5,empirical-quant/tech,0,2,3,0,1,2022,2
645,0,0,0,0,0,0,0,0,0,0,909,10,1,normative,0,3,3,3,0,2022,3
646,0,0,0,0,0,0,0,0,0,0,904,20,3,empirical-qual,0,3,3,0,1,2023,1
647,0,0,0,0,0,0,0,0,0,0,904,20,3,empirical-qual,0,2,0,0,0,2023,1
648,0,0,0,0,0,0,0,0,0,0,903,30,5,empirical-quant/tech,0,3,3,0,0,2023,2
649,0,0,0,0,0,0,0,0,0,0,903,30,5,empirical-quant/tech,0,2,3,0,0,2022,1
650,0,0,0,0,0,0,0,0,0,0,903,30,5,empirical-quant/tech,0,2,0,0,0,2022,1
651,0,0,0,0,0,0,0,0,0,0,904,20,3,empirical-qual,0,2,3,1,1,2022,2
652,0,0,0,0,0,0,0,0,0,0,903,30,5,empirical-quant/tech,0,2,0,0,0,2022,1
653,0,0,0,0,0,0,0,0,0,0,903,30,5,empirical-quant/tech,0,2,3,0,0,2023,2
654,0,0,0,0,0,0,0,0,0,0,904,20,4,empirical-qual,0,3,0,0,3,2023,1
655,0,0,0,0,0,0,0,0,0,0,903,30,5,empirical-quant/tech,0,2,3,3,1,2023,3
656,0,0,0,0,0,0,0,0,0,0,903,30,5,empirical-quant/tech,0,3,3,0,1,2023,2
657,0,0,0,0,0,0,0,0,0,0,908,10,1,mixed,0,3,0,0,1,2023,1
658,0,0,0,0,0,0,0,0,0,0,904,20,3,empirical-qual,0,3,3,0,2,2023,3
659,0,0,0,0,0,0,0,0,0,0,903,30,5,empirical-quant/tech,0,2,3,0,0,2023,3
660,0,0,0,0,0,0,0,0,0,0,909,10,1,normative,0,3,3,0,1,2023,2
661,0,0,0,0,0,0,0,0,0,0,906,20,3,empirical-qual,0,2,3,0,0,2023,2
662,0,0,0,0,0,0,0,0,0,0,901,40,3,empirical-quant/tech,0,3,3,0,1,2023,2
663,0,0,0,0,0,0,0,0,0,0,902,20,4,empirical-quant/tech,0,2,3,0,3,2023,1
664,0,0,0,0,0,0,0,0,0,0,901,40,3,empirical-quant/tech,0,2,0,0,0,2023,3
665,0,0,0,0,0,0,0,0,0,0,902,30,5,empirical-quant/tech,0,2,3,3,2,2023,3
666,0,0,0,0,0,0,0,0,0,0,901,40,3,empirical-quant/tech,0,2,0,0,0,2023,2
667,0,0,0,0,0,0,0,0,0,0,903,30,5,empirical-quant/tech,0,3,0,0,0,2023,3
668,0,0,0,0,0,0,0,0,0,0,903,30,5,empirical-quant/tech,0,3,3,0,1,2023,2
669,0,0,0,0,0,0,0,0,0,0,904,20,4,empirical-qual,0,2,3,0,0,2023,1
670,0,0,0,0,0,0,0,0,0,0,903,30,5,empirical-quant/tech,0,2,0,0,0,2023,2
671,0,0,0,0,0,0,0,0,0,0,904,20,4,empirical-qual,0,2,3,0,2,2023,2
672,0,0,0,0,0,0,0,0,0,0,903,30,5,empirical-quant/tech,0,2,0,0,1,2023,1
673,0,0,0,0,0,0,0,0,0,0,908,40,3,mixed,0,2,0,0,0,2023,2
674,0,0,0,0,0,0,0,0,0,0,904,20,3,empirical-qual,0,2,3,3,1,2023,1
675,0,0,0,0,0,0,0,0,0,0,908,10,1,mixed,0,3,0,0,0,2023,3
676,0,0,0,0,0,0,0,0,0,0,902,20,4,empirical-quant/tech,0,2,0,0,2,2023,3
677,0,0,0,0,0,0,0,0,0,0,904,20,3,empirical-qual,0,3,3,0,0,2023,2
678,0,0,0,0,0,0,0,0,0,0,904,20,3,empirical-qual,0,3,3,0,0,2023,3
679,0,0,0,0,0,0,0,0,0,0,901,40,3,empirical-quant/tech,0,2,3,0,0,2023,3
680,0,0,0,0,0,0,0,0,0,0,904,20,3,empirical-qual,0,2,0,3,0,2023,2
681,0,0,0,0,0,0,0,0,0,0,902,20,2,empirical-quant/tech,0,2,0,0,3,2023,3
682,0,0,0,0,0,0,0,0,0,0,903,30,5,empirical-quant/tech,0,2,0,0,1,2023,4
683,0,0,0,0,0,0,0,0,0,0,902,20,2,empirical-quant/tech,0,3,3,0,3,2023,3
684,0,0,0,0,0,0,0,0,0,0,901,40,3,empirical-quant/tech,0,3,2,0,2,2023,4
685,0,0,0,0,0,0,0,0,0,0,909,10,1,normative,0,3,3,0,1,2023,2
686,0,0,0,0,0,0,0,0,0,0,904,20,3,empirical-qual,0,3,3,3,0,2023,2
687,0,0,0,0,0,0,0,0,0,0,903,30,5,empirical-quant/tech,0,3,0,0,2,2023,2
688,0,0,0,0,0,0,0,0,0,0,909,10,1,normative,0,2,3,0,0,2023,3
689,0,0,0,0,0,0,0,0,0,0,909,10,1,normative,0,3,0,0,0,2023,1
690,0,0,0,0,0,0,0,0,0,0,903,30,5,empirical-quant/tech,0,3,0,0,2,2023,3
691,0,0,0,0,0,0,0,0,0,0,903,30,5,empirical-quant/tech,0,3,0,0,0,2023,3
692,0,0,0,0,0,0,0,0,0,0,903,30,5,empirical-quant/tech,0,3,3,0,0,2023,1
693,0,0,0,0,0,0,0,0,0,0,903,30,5,empirical-quant/tech,0,3,0,0,2,2023,1
694,0,0,0,0,0,0,0,0,0,0,903,30,5,empirical-quant/tech,0,2,3,0,1,2023,1
695,0,0,0,0,0,0,0,0,0,0,903,30,5,empirical-quant/tech,0,3,0,0,0,2023,1
696,0,0,0,0,0,0,0,0,0,0,909,10,1,normative,0,3,0,0,0,2023,2
697,0,0,0,0,0,0,0,0,0,0,901,20,2,empirical-quant/tech,0,3,3,0,3,2023,1
698,0,0,0,0,0,0,0,0,0,0,909,10,1,normative,0,3,3,0,2,2023,2
699,0,0,0,0,0,0,0,0,0,0,903,30,5,empirical-quant/tech,0,3,3,0,0,2023,2
700,0,0,0,0,0,0,0,0,0,0,904,20,3,empirical-qual,0,3,0,0,1,2023,2
701,0,0,0,0,0,0,0,0,0,0,903,30,5,empirical-quant/tech,0,3,3,0,0,2023,1
702,0,0,0,0,0,0,0,0,0,0,904,20,3,empirical-qual,0,3,0,0,1,2023,3
703,0,0,0,0,0,0,0,0,0,0,903,30,5,empirical-quant/tech,0,3,0,0,1,2023,2
704,0,0,0,0,0,0,0,0,0,0,903,30,5,empirical-quant/tech,0,3,3,0,0,2023,3
705,0,0,0,0,0,0,0,0,0,0,904,20,3,empirical-qual,0,3,3,0,0,2023,2
706,0,0,0,0,0,0,0,0,0,0,903,30,5,empirical-quant/tech,0,3,0,0,1,2023,2
707,0,0,0,0,0,0,0,0,0,0,906,20,3,empirical-qual,0,3,3,0,0,2023,2
708,0,0,0,0,0,0,0,0,0,0,903,30,5,empirical-quant/tech,0,2,3,0,0,2023,4
709,0,0,0,0,0,0,0,0,0,0,904,20,3,empirical-qual,0,3,3,0,2,2023,3
710,0,0,0,0,0,0,0,0,0,0,903,30,5,empirical-quant/tech,0,3,3,3,1,2023,3
711,0,0,0,0,0,0,0,0,0,0,903,30,5,empirical-quant/tech,0,3,0,0,0,2023,3
712,0,0,0,0,0,0,0,0,0,0,901,20,2,empirical-quant/tech,0,3,3,0,0,2023,3
713,0,0,0,0,0,0,0,0,0,0,903,30,5,empirical-quant/tech,0,3,0,0,0,2023,1
714,0,0,0,0,0,0,0,0,0,0,903,30,5,empirical-quant/tech,0,3,0,0,0,2023,3
715,0,0,0,0,0,0,0,0,0,0,903,30,5,empirical-quant/tech,0,2,0,0,0,2023,1
716,0,0,0,0,0,0,0,0,0,0,903,30,5,empirical-quant/tech,0,3,3,0,1,2023,2
717,0,0,0,0,0,0,0,0,0,0,903,30,5,empirical-quant/tech,0,3,3,3,2,2023,3
718,0,0,0,0,0,0,0,0,0,0,903,30,5,empirical-quant/tech,0,2,0,0,3,2025,1
719,0,0,0,0,0,0,0,0,0,0,903,30,5,empirical-quant/tech,0,3,0,0,1,2025,2
720,0,0,0,0,0,0,0,0,0,0,904,20,3,empirical-qual,0,2,3,3,0,2025,1
721,0,0,0,0,0,0,0,0,0,0,904,20,3,empirical-qual,0,2,0,0,0,2025,1
722,0,0,0,0,0,0,0,0,0,0,903,30,5,empirical-quant/tech,0,3,3,0,0,2025,1
723,0,0,0,0,0,0,0,0,0,0,903,30,5,empirical-quant/tech,0,3,0,0,1,2025,4
724,0,0,0,0,0,0,0,0,0,0,903,30,5,empirical-quant/tech,0,3,0,0,0,2025,1
725,0,0,0,0,0,0,0,0,0,0,904,20,3,empirical-qual,0,3,3,0,1,2025,3
726,0,0,0,0,0,0,0,0,0,0,905,10,1,empirical-qual,0,3,0,0,1,2025,3
727,0,0,0,0,0,0,0,0,0,0,904,20,3,empirical-qual,0,3,3,0,0,2025,1
728,0,0,0,0,0,0,0,0,0,0,908,10,1,mixed,0,3,2,0,0,2025,1
729,0,0,0,0,0,0,0,0,0,0,904,20,3,empirical-qual,0,3,0,0,1,2025,1
730,0,0,0,0,0,0,0,0,0,0,903,30,5,empirical-quant/tech,0,3,0,1,0,2025,2
731,0,0,0,0,0,0,0,0,0,0,903,30,5,empirical-quant/tech,0,3,0,0,0,2025,4
732,0,0,0,0,0,0,0,0,0,0,904,20,3,empirical-qual,0,3,3,0,0,2025,3
733,0,0,0,0,0,0,0,0,0,0,903,30,5,empirical-quant/tech,0,3,0,0,1,2025,2
734,0,0,0,0,0,0,0,0,0,0,904,20,3,empirical-qual,0,3,0,0,0,2025,4
735,0,0,0,0,0,0,0,0,0,0,902,20,4,empirical-quant/tech,0,3,0,3,3,2025,3
736,0,0,0,0,0,0,0,0,0,0,903,30,5,empirical-quant/tech,0,3,3,0,1,2025,4
737,0,0,0,0,0,0,0,0,0,0,901,40,3,empirical-quant/tech,0,3,0,0,0,2025,1
738,0,0,0,0,0,0,0,0,0,0,903,30,5,empirical-quant/tech,0,3,0,0,0,2025,3
739,0,0,0,0,0,0,0,0,0,0,903,30,5,empirical-quant/tech,0,3,3,0,0,2025,1
740,0,0,0,0,0,0,0,0,0,0,904,20,3,empirical-qual,0,3,0,0,0,2025,3
741,0,0,0,0,0,0,0,0,0,0,901,20,2,empirical-quant/tech,0,3,0,0,2,2025,2
742,0,0,0,0,0,0,0,0,0,0,904,20,3,empirical-qual,0,3,0,0,0,2025,1
743,0,0,0,0,0,0,0,0,0,0,903,30,5,empirical-quant/tech,0,3,0,0,0,2025,2
744,0,0,0,0,0,0,0,0,0,0,904,20,3,empirical-qual,0,3,3,0,1,2025,1
745,0,0,0,0,0,0,0,0,0,0,904,20,3,empirical-qual,0,3,0,0,0,2025,2
746,0,0,0,0,0,0,0,0,0,0,901,40,3,empirical-quant/tech,0,3,3,0,0,2025,2
747,0,0,0,0,0,0,0,0,0,0,904,20,3,empirical-qual,0,3,0,0,0,2025,1
748,0,0,0,0,0,0,0,0,0,0,901,40,3,empirical-quant/tech,0,3,0,0,0,2025,2
749,0,0,0,0,0,0,0,0,0,0,903,30,5,empirical-quant/tech,0,3,3,0,0,2025,2
750,0,0,0,0,0,0,0,0,0,0,904,20,3,empirical-qual,0,3,0,0,0,2025,1
751,0,0,0,0,0,0,0,0,0,0,904,20,4,empirical-qual,0,3,0,0,0,2025,1
752,0,0,0,0,0,0,0,0,0,0,904,20,3,empirical-qual,0,3,0,0,0,2025,2
753,0,0,0,0,0,0,0,0,0,0,904,20,3,empirical-qual,0,3,3,0,0,2025,2
754,0,0,0,0,0,0,0,0,0,0,904,20,3,empirical-qual,0,3,3,0,0,2025,1
755,0,0,0,0,0,0,0,0,0,0,909,10,1,normative,0,3,0,0,0,2025,1
756,0,0,0,0,0,0,0,0,0,0,902,30,5,empirical-quant/tech,0,3,0,0,3,2025,1
757,0,0,0,0,0,0,0,0,0,0,901,40,3,empirical-quant/tech,0,3,3,3,0,2025,2
758,0,0,0,0,0,0,0,0,0,0,903,30,5,empirical-quant/tech,0,3,0,0,1,2025,1
759,0,0,0,0,0,0,0,0,0,0,904,20,3,empirical-qual,0,3,3,0,1,2025,1
760,0,0,0,0,0,0,0,0,0,0,909,10,1,normative,0,3,0,0,0,2025,3
761,0,0,0,0,0,0,0,0,0,0,903,30,5,empirical-quant/tech,0,3,0,0,1,2025,1
762,0,0,0,0,0,0,0,0,0,0,909,10,1,normative,0,3,0,0,0,2025,1
763,0,0,0,0,0,0,0,0,0,0,901,40,3,empirical-quant/tech,0,3,3,0,0,2025,1
764,0,0,0,0,0,0,0,0,0,0,909,10,1,normative,0,3,0,0,0,2025,1
765,0,0,0,0,0,0,0,0,0,0,904,20,3,empirical-qual,0,3,3,0,0,2025,1
766,0,0,0,0,0,0,0,0,0,0,903,30,5,empirical-quant/tech,0,2,3,0,0,2025,3
767,0,0,0,0,0,0,0,0,0,0,904,20,3,empirical-qual,0,2,0,0,0,2024,3
768,0,0,0,0,0,0,0,0,0,0,904,20,3,empirical-qual,0,3,0,0,0,2025,2
769,0,0,0,0,0,0,0,0,0,0,901,40,3,empirical-quant/tech,0,3,3,0,0,2025,1
770,0,0,0,0,0,0,0,0,0,0,901,40,3,empirical-quant/tech,0,3,0,0,0,2025,1
771,0,0,0,0,0,0,0,0,0,0,903,30,5,empirical-quant/tech,0,3,3,1,2,2025,3
772,0,0,0,0,0,0,0,0,0,0,904,20,3,empirical-qual,0,2,3,3,1,2024,1
773,0,0,0,0,0,0,0,0,0,0,902,20,4,empirical-quant/tech,0,2,3,3,3,2024,1
774,0,0,0,0,0,0,0,0,0,0,904,20,4,empirical-qual,0,3,0,0,2,2024,1
775,0,0,0,0,0,0,0,0,0,0,904,20,3,empirical-qual,0,2,3,3,0,2024,1
776,0,0,0,0,0,0,0,0,0,0,909,10,1,normative,0,3,0,0,0,2024,1
777,0,0,0,0,0,0,0,0,0,0,904,20,3,empirical-qual,0,2,3,0,0,2024,2
778,0,0,0,0,0,0,0,0,0,0,903,30,5,empirical-quant/tech,0,2,3,0,3,2024,3
779,0,0,0,0,0,0,0,0,0,0,903,30,5,empirical-quant/tech,0,3,3,0,3,2025,3
780,0,0,0,0,0,0,0,0,0,0,908,10,1,mixed,0,3,3,0,0,2025,3
781,0,0,0,0,0,0,0,0,0,0,901,40,3,empirical-quant/tech,0,2,3,0,0,2024,3
782,0,0,0,0,0,0,0,0,0,0,904,20,3,empirical-qual,0,3,0,0,0,2024,3
783,0,0,0,0,0,0,0,0,0,0,904,20,3,empirical-qual,0,3,0,0,1,2024,2
784,0,0,0,0,0,0,0,0,0,0,901,20,2,empirical-quant/tech,0,3,0,0,1,2024,3
785,0,0,0,0,0,0,0,0,0,0,904,20,3,empirical-qual,0,3,3,3,1,2024,3
786,0,0,0,0,0,0,0,0,0,0,909,10,1,normative,0,3,0,0,1,2024,3
787,0,0,0,0,0,0,0,0,0,0,904,20,3,empirical-qual,0,2,3,0,0,2024,2
788,0,0,0,0,0,0,0,0,0,0,904,20,3,empirical-qual,0,3,3,3,1,2024,3
789,0,0,0,0,0,0,0,0,0,0,909,20,3,normative,0,3,3,0,1,2024,3
790,0,0,0,0,0,0,0,0,0,0,901,40,3,empirical-quant/tech,0,2,3,0,0,2024,3
791,0,0,0,0,0,0,0,0,0,0,901,40,3,empirical-quant/tech,0,2,2,0,0,2024,3
792,0,0,0,0,0,0,0,0,0,0,904,20,4,empirical-qual,0,3,0,0,1,2024,3
793,0,0,0,0,0,0,0,0,0,0,907,10,1,empirical-quant/tech,0,3,2,0,0,2024,3
794,0,0,0,0,0,0,0,0,0,0,901,40,3,empirical-quant/tech,0,2,0,0,1,2024,2
795,0,0,0,0,0,0,0,0,0,0,904,20,3,empirical-qual,0,3,3,0,1,2024,2
796,0,0,0,0,0,0,0,0,0,0,903,30,5,empirical-quant/tech,0,2,3,0,0,2024,3
797,0,0,0,0,0,0,0,0,0,0,902,30,5,empirical-quant/tech,0,2,0,0,2,2025,3
798,0,0,0,0,0,0,0,0,0,0,904,20,3,empirical-qual,0,2,0,0,0,2024,1
799,0,0,0,0,0,0,0,0,0,0,902,30,5,empirical-quant/tech,0,2,3,3,2,2025,3
800,0,0,0,0,0,0,0,0,0,0,904,20,4,empirical-qual,0,3,0,1,2,2024,3
