paper_id,E_EXP,E_EXP_evidence,E_STAT,E_STAT_evidence,E_SURVEY,E_SURVEY_evidence,E_CASE,E_CASE_evidence,E_ETHNO,E_ETHNO_evidence,E_TEXT,E_TEXT_evidence,E_MODEL,E_MODEL_evidence,E_POLICYEVAL,E_POLICYEVAL_evidence,E_MIXED,E_MIXED_evidence,E_NORM,E_NORM_evidence
1,0,,0,,0,,1,案例,0,,0,,0,,0,,0,,0,
2,0,,0,,0,,1,案例,0,,0,,0,,0,,0,,0,
3,0,,0,,0,,1,比较(?!.*优势),0,,0,,0,,0,,0,,0,
4,0,,0,,0,,1,案例,0,,0,,0,,0,,0,,1,思想
5,0,,0,,0,,1,案例,0,,0,,0,,0,,0,,1,理论阐释
6,0,,0,,0,,1,案例,0,,0,,0,,0,,0,,1,政策解读
7,0,,0,,0,,1,案例,0,,0,,0,,0,,0,,1,思想
8,0,,0,,0,,0,,0,,1,文本分析,1,网络分析,0,,0,,1,法治
9,0,,0,,0,,1,案例,0,,0,,0,,0,,0,,0,
10,0,,0,,0,,1,案例,0,,0,,0,,0,,0,,0,
11,0,,0,,0,,1,案例,0,,0,,0,,0,,0,,1,政策解读
12,0,,0,,0,,1,案例,0,,1,文本分析,0,,0,,0,,0,
13,0,,0,,0,,1,案例,0,,0,,0,,0,,0,,0,
14,0,,0,,0,,1,案例,0,,0,,0,,0,,0,,1,政策解读
15,0,,1,计量,0,,1,比较(?!.*优势),0,,1,话语分析,0,,0,,0,,0,
16,0,,1,回归,1,普查,1,比较(?!.*优势),0,,0,,1,模型,0,,0,,0,
17,0,,0,,1,普查,1,案例,0,,0,,0,,0,,0,,0,
18,0,,0,,0,,1,案例,0,,0,,1,模型,0,,0,,0,
19,0,,0,,0,,1,案例,0,,0,,0,,0,,0,,0,
20,1,实验,0,,0,,1,案例,0,,0,,0,,0,,1,跨学科,1,法理
21,0,,0,,0,,1,比较(?!.*优势),0,,1,文本分析,0,,0,,0,,1,价值
22,1,干预,0,,0,,1,历史(研究|比较)?,0,,0,,0,,0,,0,,1,思想
23,0,,0,,0,,1,历史(研究|比较)?,0,,0,,1,模型,0,,0,,0,
24,0,,1,计量,0,,1,案例,0,,0,,0,,0,,0,,1,理论阐释
25,0,,0,,0,,1,历史(研究|比较)?,0,,0,,0,,0,,0,,1,原则
26,0,,0,,0,,1,案例,0,,0,,0,,0,,0,,1,政策解读
27,0,,0,,0,,0,,0,,0,,0,,0,,0,,1,原则
28,0,,0,,0,,1,案例,0,,0,,0,,0,,0,,1,政策解读
29,0,,0,,0,,1,历史(研究|比较)?,0,,0,,0,,0,,0,,1,价值
30,0,,0,,0,,1,案例,0,,0,,0,,0,,0,,1,概念分析
31,0,,0,,0,,1,案例,0,,0,,0,,0,,1,跨学科,1,原则
32,0,,0,,0,,0,,0,,0,,0,,0,,0,,1,原则
33,0,,0,,0,,1,案例,0,,0,,1,模型,0,,1,跨学科,1,价值
34,1,干预,0,,0,,1,案例,0,,0,,0,,0,,0,,1,法理
35,0,,0,,0,,1,案例,0,,0,,0,,0,,0,,0,
36,0,,0,,0,,1,比较(?!.*优势),0,,0,,0,,0,,0,,1,原则
37,0,,0,,0,,1,案例,0,,0,,0,,0,,0,,0,
38,0,,0,,0,,1,案例,0,,0,,0,,0,,0,,1,原则
39,0,,0,,0,,1,历史(研究|比较)?,0,,0,,0,,0,,0,,1,思想
40,0,,0,,0,,1,比较(?!.*优势),0,,1,文本分析,0,,0,,0,,1,思想
41,0,,0,,0,,0,,0,,0,,1,模型,0,,0,,0,
42,0,,0,,0,,1,案例,0,,0,,0,,0,,0,,1,政策解读
43,0,,0,,0,,1,历史(研究|比较)?,0,,0,,0,,0,,0,,0,
44,0,,0,,0,,1,比较(?!.*优势),0,,0,,0,,0,,0,,1,价值
45,0,,0,,0,,0,,0,,0,,0,,0,,0,,1,思想
46,0,,0,,0,,1,比较(?!.*优势),0,,0,,1,模型,0,,0,,1,价值
47,0,,0,,0,,0,,0,,0,,0,,0,,1,跨学科,1,价值
48,0,,0,,0,,1,案例,0,,0,,0,,0,,0,,1,规范性研究
49,1,实验,0,,1,调查,1,案例,0,,0,,0,,1,指标体系,0,,1,价值
50,0,,0,,0,,1,比较(?!.*优势),0,,0,,1,模型,0,,0,,1,思想
51,0,,0,,0,,1,历史(研究|比较)?,0,,0,,0,,0,,0,,1,法条
52,0,,0,,0,,1,历史(研究|比较)?,0,,0,,0,,0,,0,,1,价值
53,0,,0,,0,,1,比较(?!.*优势),0,,0,,0,,0,,0,,0,
54,0,,0,,0,,1,比较(?!.*优势),0,,1,文本分析,1,模型,0,,0,,1,规范性研究
55,0,,0,,0,,1,比较(?!.*优势),0,,0,,0,,0,,0,,1,原则
56,0,,0,,0,,1,案例,0,,0,,0,,0,,0,,1,法条
57,0,,0,,0,,0,,0,,0,,0,,0,,0,,1,价值
58,0,,0,,0,,1,案例,0,,0,,0,,0,,0,,1,规范性研究
59,0,,0,,0,,1,案例,0,,0,,0,,0,,0,,1,思想
60,0,,0,,0,,1,案例,0,,0,,0,,0,,0,,0,
61,0,,0,,0,,1,案例,0,,0,,0,,0,,0,,1,价值
62,0,,0,,0,,1,比较(?!.*优势),0,,0,,0,,0,,0,,1,规范性研究
63,0,,0,,0,,1,比较(?!.*优势),0,,0,,0,,0,,0,,1,规范性研究
64,0,,1,计量,0,,0,,0,,1,文本分析,0,,0,,0,,1,思政
65,0,,0,,0,,1,比较(?!.*优势),0,,0,,0,,0,,0,,1,原则
66,0,,0,,0,,1,比较(?!.*优势),0,,1,文本分析,0,,0,,0,,1,规范性研究
67,0,,0,,0,,1,案例,0,,1,文本分析,0,,0,,0,,1,规范性研究
68,0,,0,,0,,0,,0,,0,,0,,0,,0,,1,规范性研究
69,0,,0,,0,,1,案例,0,,0,,0,,0,,0,,1,规范性研究
70,0,,0,,0,,1,案例,0,,0,,0,,0,,1,跨学科,0,
71,0,,0,,0,,1,案例,0,,1,文本分析,0,,0,,0,,0,
72,0,,0,,0,,1,案例,0,,1,文本分析,0,,0,,0,,1,法治
73,0,,0,,0,,1,案例,0,,1,文本分析,0,,0,,0,,1,价值
74,0,,0,,0,,1,案例,1,档案(研究)?,0,,0,,0,,0,,0,
75,0,,0,,0,,1,案例,1,档案(研究)?,0,,0,,0,,0,,0,
76,0,,0,,0,,1,案例,0,,0,,0,,0,,0,,1,原则
77,0,,0,,0,,1,案例,0,,0,,0,,0,,0,,0,
78,0,,0,,0,,1,案例,0,,0,,0,,0,,0,,0,
79,0,,0,,0,,1,案例,1,档案(研究)?,0,,0,,0,,0,,1,思想
80,0,,0,,0,,1,案例,0,,0,,0,,0,,0,,1,规范性研究
81,0,,0,,0,,1,比较(?!.*优势),0,,0,,0,,0,,0,,1,规范性研究
82,0,,0,,0,,1,案例,0,,0,,0,,0,,1,跨学科,0,
83,0,,0,,1,调查,1,案例,0,,0,,0,,0,,0,,1,价值
84,1,介入,0,,0,,1,案例,0,,0,,0,,0,,0,,1,价值
85,0,,0,,0,,1,案例,0,,0,,0,,0,,0,,1,规范性研究
86,0,,0,,0,,1,案例,0,,0,,0,,0,,0,,1,规范性研究
87,0,,0,,0,,1,比较(?!.*优势),0,,0,,0,,0,,0,,1,价值
88,1,干预,0,,0,,1,案例,0,,0,,1,模型,0,,0,,0,
89,0,,0,,0,,1,案例,0,,1,文本分析,1,模型,0,,0,,0,
90,0,,0,,0,,1,案例,0,,0,,0,,0,,0,,0,
91,0,,0,,0,,1,案例,0,,0,,0,,0,,1,跨学科,1,规范性研究
92,0,,0,,0,,1,案例,0,,0,,0,,0,,0,,0,
93,0,,0,,0,,1,案例,0,,0,,0,,0,,0,,1,原则
94,0,,0,,0,,1,案例,0,,0,,0,,0,,0,,0,
95,0,,0,,0,,1,案例,0,,1,文本分析,0,,0,,0,,1,价值
96,0,,0,,0,,1,案例,0,,1,文本分析,0,,0,,0,,1,原则
97,0,,0,,0,,1,案例,0,,0,,0,,1,指标体系,0,,1,规范性研究
98,1,介入,0,,0,,1,案例,0,,0,,0,,0,,0,,0,
99,0,,0,,0,,1,案例,1,档案(研究)?,0,,0,,0,,0,,1,思想
100,0,,0,,0,,1,案例,0,,0,,0,,0,,0,,1,规范性研究
101,0,,0,,0,,1,案例,0,,0,,0,,0,,0,,1,原则
102,0,,0,,0,,1,案例,0,,0,,0,,0,,0,,1,原则
103,0,,0,,0,,0,,0,,0,,0,,0,,0,,1,原则
104,0,,0,,0,,1,历史(研究|比较)?,0,,0,,0,,0,,0,,1,思想
105,0,,0,,0,,0,,0,,0,,0,,0,,0,,0,
106,0,,0,,0,,1,比较(?!.*优势),0,,0,,0,,1,指标体系,0,,0,
107,0,,0,,0,,1,比较(?!.*优势),0,,0,,0,,0,,0,,0,
108,0,,0,,0,,0,,0,,0,,0,,0,,0,,1,思想
109,0,,0,,0,,1,案例,0,,0,,0,,0,,0,,1,思想
110,0,,1,计量,0,,0,,0,,0,,0,,0,,0,,1,价值
111,1,干预,0,,0,,0,,0,,0,,0,,0,,0,,1,原则
112,0,,0,,0,,0,,0,,0,,0,,0,,0,,0,
113,0,,0,,0,,0,,0,,0,,0,,1,指标体系,0,,1,原则
114,0,,0,,0,,0,,0,,0,,0,,0,,0,,1,价值
115,0,,0,,1,调查,0,,0,,0,,0,,0,,0,,0,
116,0,,0,,0,,0,,0,,0,,0,,0,,0,,1,价值
117,0,,0,,0,,0,,0,,0,,0,,0,,0,,1,价值
118,0,,0,,0,,0,,0,,0,,0,,0,,0,,1,原则
119,0,,0,,0,,1,历史(研究|比较)?,0,,0,,0,,0,,0,,0,
120,0,,0,,0,,1,历史(研究|比较)?,0,,0,,0,,0,,0,,1,思想
121,0,,0,,0,,0,,0,,0,,0,,0,,0,,0,
122,0,,0,,0,,0,,0,,0,,0,,0,,0,,1,法治
123,0,,0,,0,,0,,0,,0,,0,,0,,0,,0,
124,0,,0,,0,,1,历史(研究|比较)?,0,,0,,0,,0,,0,,1,思想
125,0,,0,,0,,0,,0,,0,,0,,0,,0,,1,原则
126,0,,0,,0,,0,,0,,0,,0,,0,,0,,0,
127,0,,0,,0,,0,,0,,0,,0,,0,,0,,0,
128,0,,0,,0,,0,,0,,0,,0,,1,绩效评估,0,,0,
129,0,,0,,0,,0,,0,,0,,0,,0,,0,,0,
130,0,,0,,0,,0,,0,,0,,0,,0,,0,,0,
131,0,,0,,1,调查,0,,0,,0,,0,,0,,0,,0,
132,0,,0,,0,,0,,0,,0,,0,,0,,0,,1,原则
133,0,,0,,0,,0,,0,,0,,0,,0,,0,,0,
134,0,,0,,0,,0,,0,,0,,0,,0,,0,,1,思想
135,0,,0,,0,,0,,0,,0,,0,,0,,0,,1,思想
136,0,,0,,0,,0,,0,,0,,0,,0,,0,,1,价值
137,0,,0,,0,,0,,0,,0,,0,,0,,0,,1,原则
138,0,,0,,0,,1,比较(?!.*优势),0,,0,,0,,0,,0,,1,价值
139,0,,0,,1,调查,0,,0,,0,,0,,0,,0,,0,
140,0,,0,,0,,0,,0,,0,,0,,0,,0,,1,价值
141,0,,0,,0,,0,,0,,0,,0,,0,,0,,1,原则
142,0,,0,,0,,0,,0,,0,,0,,0,,0,,0,
143,0,,0,,0,,1,历史(研究|比较)?,0,,0,,0,,0,,0,,1,价值
144,0,,0,,0,,0,,0,,0,,0,,0,,0,,1,价值
145,0,,0,,0,,0,,0,,0,,0,,0,,0,,1,价值
146,0,,0,,0,,0,,0,,0,,0,,0,,0,,1,思想
147,0,,0,,0,,0,,0,,0,,0,,0,,0,,0,
148,0,,0,,0,,1,比较(?!.*优势),0,,0,,0,,0,,0,,1,思想
149,0,,0,,1,调查,0,,0,,0,,0,,0,,0,,1,原则
150,0,,0,,0,,0,,0,,0,,0,,0,,0,,0,
151,0,,0,,1,调查,0,,0,,0,,0,,0,,0,,0,
152,1,介入,0,,0,,1,历史(研究|比较)?,0,,0,,0,,0,,0,,0,
153,0,,0,,0,,1,历史(研究|比较)?,0,,0,,0,,0,,0,,1,原则
154,0,,0,,0,,0,,0,,0,,0,,0,,0,,1,法理
155,0,,0,,0,,0,,0,,0,,0,,0,,0,,0,
156,1,介入,0,,0,,1,比较(?!.*优势),0,,0,,0,,0,,0,,0,
157,1,干预,0,,0,,0,,0,,0,,0,,0,,0,,0,
158,0,,0,,0,,0,,0,,0,,0,,0,,1,跨学科,1,价值
159,0,,0,,0,,0,,0,,0,,0,,0,,0,,0,
160,0,,0,,0,,1,历史(研究|比较)?,0,,0,,0,,0,,0,,1,价值
161,1,介入,0,,0,,1,比较(?!.*优势),0,,0,,0,,0,,0,,1,法理
162,0,,0,,0,,0,,0,,0,,0,,0,,0,,1,司法解释
163,0,,0,,0,,0,,0,,0,,0,,0,,0,,1,价值
164,0,,0,,0,,0,,0,,0,,0,,0,,0,,1,原则
165,0,,0,,0,,0,,0,,0,,0,,0,,0,,0,
166,0,,0,,0,,0,,0,,0,,0,,0,,0,,0,
167,0,,0,,0,,0,,0,,0,,0,,0,,0,,1,原则
168,0,,0,,1,调查,1,案例,0,,0,,0,,0,,0,,0,
169,0,,0,,0,,1,比较(?!.*优势),0,,0,,0,,0,,0,,0,
170,0,,0,,0,,0,,0,,0,,0,,0,,0,,1,概念分析
171,0,,0,,0,,0,,0,,0,,0,,0,,0,,0,
172,0,,0,,0,,0,,0,,0,,0,,0,,0,,1,价值
173,0,,0,,0,,0,,0,,0,,0,,0,,0,,0,
174,0,,0,,0,,0,,0,,0,,0,,0,,0,,0,
175,0,,0,,0,,0,,0,,0,,0,,0,,0,,0,
176,1,介入,0,,0,,1,案例,0,,0,,0,,0,,0,,0,
177,0,,0,,0,,0,,0,,0,,0,,0,,0,,1,原则
178,1,实验,0,,0,,0,,0,,0,,1,卫星,0,,0,,0,
179,0,,0,,0,,1,案例,0,,0,,0,,0,,0,,1,法治
180,0,,0,,0,,0,,0,,0,,0,,0,,0,,0,
181,0,,0,,0,,1,比较(?!.*优势),0,,0,,0,,0,,0,,0,
182,0,,0,,0,,0,,0,,0,,0,,0,,0,,0,
183,0,,0,,0,,0,,0,,0,,0,,0,,0,,1,价值
184,0,,0,,0,,0,,0,,0,,0,,0,,0,,1,概念分析
185,0,,0,,0,,1,历史(研究|比较)?,0,,0,,0,,0,,0,,0,
186,0,,0,,0,,0,,0,,0,,0,,0,,0,,0,
187,0,,0,,0,,0,,0,,0,,0,,0,,0,,1,合法性
188,0,,0,,0,,0,,0,,0,,0,,0,,0,,0,
189,0,,0,,0,,0,,0,,0,,0,,0,,0,,0,
190,0,,0,,0,,0,,0,,0,,0,,0,,0,,0,
191,0,,0,,0,,0,,0,,0,,0,,0,,0,,0,
192,0,,0,,0,,1,案例,0,,0,,0,,0,,0,,0,
193,0,,0,,0,,0,,0,,0,,0,,0,,0,,0,
194,0,,0,,0,,0,,0,,0,,0,,0,,0,,0,
195,0,,1,回归,0,,0,,0,,0,,0,,0,,0,,1,思想
196,0,,0,,0,,0,,0,,0,,0,,0,,0,,0,
197,0,,0,,0,,0,,0,,0,,1,卫星,0,,0,,1,原则
198,0,,0,,0,,0,,0,,0,,0,,0,,0,,1,思想
199,0,,0,,0,,0,,0,,0,,0,,0,,0,,0,
200,0,,0,,0,,0,,0,,0,,0,,0,,0,,0,
201,0,,0,,0,,0,,0,,0,,0,,0,,0,,0,
202,0,,0,,0,,0,,0,,0,,1,\bGIS\b|地理信息系统,0,,0,,0,
203,0,,0,,0,,0,,0,,0,,0,,0,,0,,0,
204,0,,0,,0,,0,,0,,0,,0,,0,,0,,0,
205,0,,0,,0,,1,历史(研究|比较)?,0,,0,,0,,0,,0,,0,
206,0,,0,,0,,0,,0,,0,,0,,0,,0,,0,
207,0,,0,,0,,0,,0,,0,,0,,0,,0,,1,合法性
208,0,,0,,0,,1,比较(?!.*优势),0,,1,文本分析,0,,0,,0,,1,价值
209,0,,0,,0,,1,历史(研究|比较)?,0,,0,,0,,0,,0,,1,思想
210,0,,0,,0,,1,历史(研究|比较)?,0,,1,文本分析,0,,0,,0,,1,价值
211,0,,0,,0,,0,,0,,0,,0,,0,,0,,1,法律解释
212,0,,0,,1,调查,1,比较(?!.*优势),0,,0,,0,,0,,0,,0,
213,0,,0,,0,,1,比较(?!.*优势),0,,1,内容分析,0,,0,,0,,0,
214,0,,0,,0,,1,案例,0,,0,,0,,0,,0,,0,
215,0,,0,,0,,0,,0,,0,,0,,0,,0,,0,
216,0,,0,,0,,0,,0,,0,,0,,0,,0,,1,原则
217,0,,0,,0,,0,,0,,1,文本分析,0,,0,,0,,1,法治
218,0,,0,,0,,1,比较(?!.*优势),0,,0,,0,,0,,0,,1,原则
219,0,,0,,0,,0,,0,,0,,0,,0,,0,,1,合法性
220,0,,0,,0,,1,案例,0,,0,,0,,0,,0,,0,
221,0,,0,,0,,1,案例,0,,0,,0,,0,,0,,1,价值
222,0,,0,,0,,0,,0,,0,,0,,0,,0,,1,价值
223,0,,0,,0,,0,,0,,0,,0,,0,,0,,0,
224,0,,0,,0,,1,历史(研究|比较)?,0,,0,,0,,0,,0,,0,
225,0,,0,,0,,1,比较(?!.*优势),0,,0,,0,,0,,0,,0,
226,0,,0,,1,调查,0,,0,,0,,0,,0,,0,,1,合法性
227,0,,0,,0,,1,比较(?!.*优势),0,,0,,0,,0,,0,,0,
228,0,,0,,0,,0,,0,,0,,0,,0,,0,,0,
229,0,,0,,0,,1,历史(研究|比较)?,0,,0,,0,,0,,0,,1,原则
230,0,,0,,0,,0,,0,,0,,0,,0,,0,,1,思想
231,0,,0,,0,,1,比较(?!.*优势),0,,0,,0,,0,,0,,1,法治
232,0,,0,,0,,1,历史(研究|比较)?,0,,0,,0,,0,,0,,0,
233,0,,0,,1,调查,0,,0,,0,,0,,0,,0,,0,
234,0,,0,,0,,0,,0,,0,,0,,0,,0,,0,
235,0,,0,,0,,1,历史(研究|比较)?,0,,0,,0,,0,,0,,0,
236,0,,0,,0,,1,案例,0,,1,内容分析,0,,0,,0,,0,
237,0,,0,,0,,0,,0,,0,,0,,0,,0,,1,思想
238,0,,0,,0,,0,,0,,0,,0,,0,,0,,0,
239,1,\bIV\b,0,,0,,0,,0,,0,,0,,0,,0,,1,价值
240,0,,0,,0,,0,,0,,0,,0,,0,,0,,0,
241,1,干预,1,回归,0,,0,,0,,0,,0,,0,,0,,0,
242,0,,0,,0,,1,比较(?!.*优势),0,,0,,0,,0,,0,,1,法理
243,0,,0,,0,,1,历史(研究|比较)?,0,,0,,0,,0,,0,,1,原则
244,0,,0,,0,,1,历史(研究|比较)?,0,,0,,0,,0,,0,,0,
245,0,,0,,0,,0,,0,,0,,0,,0,,0,,0,
246,0,,0,,0,,0,,0,,0,,0,,0,,0,,0,
247,0,,0,,0,,1,案例,0,,0,,0,,0,,0,,1,价值
248,0,,0,,1,调查,0,,0,,0,,0,,0,,0,,0,
249,0,,0,,0,,0,,0,,0,,0,,1,政策评估,0,,0,
250,0,,0,,0,,1,案例,0,,0,,0,,0,,0,,0,
251,0,,0,,0,,1,案例,0,,0,,0,,0,,0,,0,
252,0,,0,,1,调查,1,案例,0,,0,,0,,0,,0,,1,思想
253,0,,0,,0,,1,案例,0,,0,,0,,0,,0,,0,
254,0,,1,聚类,0,,0,,0,,0,,0,,0,,0,,0,
255,0,,0,,0,,1,案例,0,,0,,0,,0,,0,,0,
256,0,,0,,0,,1,比较(?!.*优势),0,,0,,0,,0,,0,,0,
257,1,介入,0,,0,,1,案例,0,,0,,0,,0,,0,,0,
258,0,,0,,0,,0,,0,,0,,0,,1,政策评估,0,,0,
259,0,,0,,0,,0,,0,,0,,0,,0,,0,,0,
260,0,,0,,0,,1,案例,0,,0,,0,,0,,0,,0,
261,0,,0,,0,,1,案例,0,,0,,0,,0,,0,,0,
262,0,,0,,0,,1,案例,0,,0,,0,,0,,0,,1,法治
263,0,,0,,0,,1,案例,0,,0,,0,,0,,0,,0,
264,0,,0,,0,,1,历史(研究|比较)?,0,,0,,0,,0,,0,,0,
265,0,,0,,0,,0,,0,,0,,0,,0,,0,,0,
266,0,,0,,0,,0,,0,,1,文本分析,0,,0,,0,,0,
267,0,,0,,0,,0,,0,,0,,0,,0,,0,,0,
268,0,,0,,0,,1,历史(研究|比较)?,0,,0,,0,,0,,0,,1,原则
269,0,,0,,0,,1,案例,0,,0,,0,,0,,0,,1,价值
270,0,,0,,0,,1,历史(研究|比较)?,0,,0,,0,,0,,0,,0,
271,0,,0,,0,,1,历史(研究|比较)?,0,,0,,0,,0,,0,,0,
272,0,,0,,0,,1,历史(研究|比较)?,0,,0,,0,,0,,0,,0,
273,0,,0,,0,,0,,0,,0,,0,,0,,0,,0,
274,0,,0,,0,,1,案例,0,,0,,1,模型,0,,0,,1,思想
275,0,,0,,0,,1,案例,0,,0,,0,,0,,0,,0,
276,1,介入,0,,0,,1,案例,0,,0,,0,,0,,0,,1,规范性研究
277,0,,0,,0,,1,案例,0,,0,,0,,0,,0,,1,价值
278,0,,0,,0,,1,案例,0,,1,文本分析,0,,0,,0,,1,规范性研究
279,0,,0,,0,,1,案例,0,,0,,0,,0,,0,,1,规范性研究
280,0,,0,,0,,1,案例,1,档案(研究)?,0,,0,,0,,0,,1,原则
281,0,,0,,0,,1,案例,1,档案(研究)?,0,,0,,0,,0,,0,
282,0,,0,,0,,1,案例,0,,1,文本分析,0,,0,,0,,1,规范性研究
283,0,,0,,0,,1,案例,0,,0,,0,,0,,0,,1,规范性研究
284,0,,0,,0,,1,案例,0,,1,文本分析,0,,0,,0,,0,
285,0,,0,,0,,1,案例,0,,0,,0,,0,,0,,1,规范性研究
286,1,干预,0,,0,,1,案例,0,,0,,1,仿真,0,,0,,1,规范性研究
287,0,,0,,0,,1,案例,0,,0,,0,,0,,0,,1,规范性研究
288,0,,0,,0,,1,案例,0,,1,文本分析,0,,0,,1,跨学科,1,规范性研究
289,0,,0,,0,,1,案例,0,,1,文本分析,0,,0,,0,,1,价值
290,0,,0,,0,,1,案例,0,,0,,0,,0,,0,,1,规范性研究
291,1,介入,0,,0,,1,案例,0,,0,,0,,0,,0,,0,
292,0,,0,,0,,1,案例,0,,0,,0,,0,,0,,0,
293,0,,0,,0,,1,案例,0,,1,文本分析,0,,0,,0,,1,法治
294,0,,0,,0,,1,案例,0,,1,文本分析,0,,0,,0,,1,原则
295,0,,0,,0,,1,案例,0,,1,文本分析,0,,0,,0,,1,法治
296,0,,0,,1,调查,1,案例,0,,1,文本分析,0,,0,,0,,1,规范性研究
297,0,,0,,0,,1,案例,0,,0,,0,,0,,0,,1,规范性研究
298,0,,0,,0,,1,案例,0,,0,,0,,0,,1,跨学科,1,价值
299,0,,1,计量,0,,1,案例,0,,0,,0,,0,,1,跨学科,0,
300,0,,0,,0,,1,案例,0,,0,,0,,0,,0,,1,思想
301,0,,1,计量,1,调查,1,案例,0,,1,文本分析,0,,0,,0,,1,规范性研究
302,0,,0,,1,调查,1,案例,0,,1,文本分析,0,,0,,0,,1,原则
303,0,,0,,0,,1,案例,1,档案(研究)?,1,文本分析,0,,0,,0,,1,原则
304,0,,0,,0,,1,案例,0,,0,,0,,0,,0,,1,价值
305,0,,0,,0,,1,案例,0,,0,,0,,0,,0,,1,理论阐释
306,1,实验,0,,0,,1,案例,0,,0,,0,,0,,0,,1,规范性研究
307,1,随机(对照)?,0,,1,调查,1,案例,1,访谈,0,,0,,0,,0,,1,规范性研究
308,0,,0,,0,,1,案例,0,,1,文本分析,0,,0,,0,,1,价值
309,0,,0,,0,,1,案例,1,档案(研究)?,0,,0,,0,,0,,1,原则
310,0,,0,,0,,1,案例,0,,1,文本分析,0,,0,,0,,1,规范性研究
311,0,,0,,0,,1,案例,0,,1,文本分析,0,,0,,0,,1,价值
312,0,,0,,0,,1,案例,0,,1,文本分析,0,,0,,0,,1,价值
313,0,,0,,0,,1,案例,0,,0,,0,,0,,0,,1,规范性研究
314,0,,0,,0,,1,案例,0,,0,,0,,0,,0,,1,规范解释
315,0,,0,,0,,1,案例,0,,1,文本分析,0,,0,,0,,1,规范性研究
316,0,,0,,0,,1,案例,0,,1,文本分析,0,,0,,0,,1,规范性研究
317,1,介入,0,,0,,1,案例,0,,1,文本分析,0,,0,,0,,1,规范性研究
318,0,,0,,0,,1,案例,0,,1,文本分析,0,,0,,0,,1,法治
319,0,,0,,0,,1,案例,0,,0,,1,模型,0,,0,,0,
320,0,,0,,0,,1,比较(?!.*优势),0,,0,,0,,0,,0,,0,
321,0,,0,,0,,1,案例,0,,1,文本分析,0,,0,,0,,1,规范性研究
322,0,,0,,0,,1,案例,0,,0,,0,,0,,0,,1,规范性研究
323,0,,0,,0,,1,比较(?!.*优势),0,,1,文本分析,0,,0,,0,,1,价值
324,0,,0,,0,,1,案例,0,,0,,0,,0,,0,,0,
325,0,,0,,0,,1,案例,0,,0,,0,,0,,0,,0,
326,0,,0,,0,,1,案例,0,,0,,0,,0,,0,,0,
327,0,,0,,0,,1,案例,0,,0,,0,,0,,0,,0,
328,0,,0,,0,,1,案例,0,,0,,0,,0,,0,,1,概念分析
329,0,,0,,1,调查,1,案例,0,,0,,0,,0,,0,,0,
330,0,,0,,0,,1,比较(?!.*优势),0,,0,,0,,0,,0,,1,价值
331,0,,0,,0,,1,案例,0,,0,,0,,0,,0,,0,
332,0,,0,,1,调查,1,案例,0,,0,,0,,0,,0,,1,法治
333,0,,0,,0,,1,案例,0,,1,文本分析,0,,0,,0,,0,
334,0,,0,,0,,0,,0,,1,文本分析,0,,0,,0,,1,理论阐释
335,0,,0,,0,,1,案例,0,,0,,0,,0,,0,,0,
336,0,,0,,0,,1,案例,0,,1,文本分析,1,模型,0,,1,跨学科,1,价值
337,0,,0,,0,,1,案例,0,,1,文本分析,0,,0,,0,,0,
338,0,,0,,0,,1,案例,0,,1,文本分析,0,,0,,0,,1,价值
339,0,,0,,0,,1,案例,0,,1,文本分析,0,,0,,0,,1,原则
340,0,,1,计量,0,,1,比较(?!.*优势),0,,1,内容分析,0,,0,,1,跨学科,1,价值
341,0,,0,,0,,1,案例,0,,0,,0,,0,,0,,1,原则
342,0,,1,计量,0,,1,比较(?!.*优势),0,,0,,0,,0,,1,跨学科,0,
343,0,,0,,0,,1,案例,0,,1,文本分析,0,,0,,0,,1,理论阐释
344,0,,0,,0,,1,比较(?!.*优势),0,,1,文本分析,1,模型,0,,1,跨学科,1,价值
345,0,,0,,0,,1,比较(?!.*优势),0,,0,,0,,0,,1,跨学科,1,理论阐释
346,0,,0,,0,,1,比较(?!.*优势),0,,0,,0,,0,,1,跨学科,1,价值
347,0,,0,,0,,1,案例,0,,0,,0,,0,,0,,1,原则
348,0,,0,,0,,1,比较(?!.*优势),0,,0,,0,,0,,0,,0,
349,0,,0,,0,,1,案例,0,,0,,0,,0,,0,,0,
350,0,,0,,0,,1,案例,0,,0,,0,,0,,0,,0,
351,0,,0,,0,,1,案例,0,,0,,0,,0,,0,,0,
352,0,,0,,0,,1,案例,0,,0,,0,,0,,0,,0,
353,0,,0,,0,,1,案例,0,,0,,0,,0,,0,,1,思想
354,0,,0,,0,,1,案例,0,,0,,1,模型,0,,0,,0,
355,0,,0,,0,,1,比较(?!.*优势),0,,0,,0,,0,,0,,1,法治
356,0,,0,,0,,1,案例,0,,0,,0,,0,,0,,0,
357,0,,0,,0,,1,比较(?!.*优势),0,,0,,0,,0,,0,,1,思想
358,0,,0,,0,,1,比较(?!.*优势),0,,0,,0,,0,,0,,0,
359,0,,0,,0,,1,案例,0,,0,,0,,0,,0,,0,
360,0,,0,,0,,1,比较(?!.*优势),0,,0,,0,,0,,0,,0,
361,0,,0,,0,,1,案例,0,,0,,0,,0,,1,跨学科,1,法理
362,0,,0,,0,,1,比较(?!.*优势),0,,0,,0,,0,,0,,1,原则
363,0,,0,,0,,0,,0,,0,,0,,0,,0,,1,价值
364,0,,0,,0,,1,比较(?!.*优势),0,,0,,0,,0,,0,,0,
365,0,,0,,0,,1,案例,0,,0,,0,,0,,0,,0,
366,0,,0,,0,,1,比较(?!.*优势),0,,0,,0,,0,,1,跨学科,0,
367,0,,0,,0,,1,案例,0,,0,,1,模型,0,,0,,0,
368,0,,0,,0,,0,,0,,0,,0,,0,,0,,0,
369,0,,0,,0,,0,,0,,0,,0,,0,,0,,1,价值
370,0,,0,,0,,1,比较(?!.*优势),0,,0,,0,,0,,0,,0,
371,1,介入,0,,0,,1,案例,0,,0,,0,,0,,1,跨学科,0,
372,0,,0,,0,,1,案例,1,专家咨询,0,,0,,0,,0,,0,
373,0,,0,,0,,1,案例,0,,1,文本分析,0,,0,,0,,1,原则
374,0,,0,,0,,1,案例,0,,0,,0,,0,,0,,0,
375,0,,0,,0,,1,案例,1,专家咨询,0,,0,,0,,0,,0,
376,0,,0,,0,,1,案例,0,,0,,0,,0,,0,,1,思想
377,0,,0,,0,,1,案例,0,,0,,0,,0,,1,跨学科,1,合法性
378,1,干预,0,,0,,1,案例,0,,0,,0,,0,,0,,0,
379,0,,0,,0,,1,比较(?!.*优势),0,,0,,0,,0,,0,,1,价值
380,0,,0,,1,调查,1,案例,0,,0,,0,,0,,0,,1,价值
381,0,,0,,0,,1,案例,0,,0,,0,,0,,0,,1,价值
382,0,,0,,0,,1,案例,0,,0,,0,,0,,0,,1,价值
383,0,,0,,0,,0,,0,,0,,0,,0,,0,,0,
384,0,,0,,0,,1,案例,0,,0,,0,,0,,0,,1,理论阐释
385,0,,0,,0,,1,比较(?!.*优势),0,,0,,0,,0,,0,,0,
386,0,,0,,1,调查,1,案例,0,,0,,0,,0,,0,,0,
387,0,,0,,0,,0,,0,,0,,0,,0,,0,,1,思想
388,0,,0,,0,,1,比较(?!.*优势),0,,0,,0,,0,,0,,1,原则
389,0,,0,,0,,0,,0,,0,,0,,0,,0,,1,政策解读
390,0,,0,,0,,1,比较(?!.*优势),0,,0,,0,,1,政策评估,0,,1,原则
391,0,,0,,0,,0,,0,,0,,0,,0,,0,,1,思想
392,0,,0,,0,,1,比较(?!.*优势),0,,0,,0,,0,,0,,0,
393,0,,0,,0,,1,案例,1,专家咨询,0,,0,,1,政策评估,0,,0,
394,0,,0,,1,调查,1,案例,0,,0,,0,,0,,0,,1,价值
395,0,,0,,0,,1,比较(?!.*优势),0,,0,,0,,0,,0,,1,思想
396,0,,0,,0,,1,案例,0,,0,,0,,0,,0,,1,价值
397,0,,0,,0,,0,,0,,0,,0,,0,,1,跨学科,1,价值
398,0,,0,,0,,1,案例,0,,0,,0,,0,,0,,1,价值
399,0,,0,,0,,1,案例,0,,0,,1,模型,0,,1,跨学科,1,价值
400,0,,0,,0,,1,案例,0,,0,,0,,1,政策评估,0,,1,法治
401,1,实验,0,,0,,1,案例,0,,0,,0,,0,,0,,1,价值
402,0,,0,,0,,0,,0,,0,,0,,0,,0,,1,法治
403,0,,0,,0,,1,案例,0,,0,,0,,0,,1,跨学科,0,
404,0,,0,,0,,1,案例,0,,0,,0,,0,,0,,0,
405,0,,0,,0,,1,历史(研究|比较)?,0,,0,,0,,0,,0,,1,理论阐释
406,0,,0,,0,,1,案例,0,,0,,0,,0,,0,,0,
407,0,,0,,0,,1,案例,0,,0,,0,,0,,1,跨学科,1,价值
408,0,,0,,0,,1,案例,0,,0,,0,,0,,0,,0,
409,0,,0,,0,,1,比较(?!.*优势),0,,0,,0,,0,,0,,1,理论阐释
410,0,,0,,0,,0,,0,,0,,0,,0,,0,,1,价值
411,0,,0,,0,,1,案例,0,,0,,0,,0,,0,,1,价值
412,0,,0,,0,,1,案例,0,,0,,0,,0,,0,,1,价值
413,0,,0,,0,,1,比较(?!.*优势),0,,0,,0,,0,,0,,1,合法性
414,0,,0,,0,,1,比较(?!.*优势),0,,0,,0,,0,,0,,1,法治
415,0,,0,,0,,1,案例,0,,0,,0,,0,,0,,0,
416,0,,0,,0,,1,案例,0,,0,,0,,0,,0,,1,理论阐释
417,0,,0,,0,,1,案例,0,,0,,0,,0,,0,,1,理论阐释
418,1,介入,0,,0,,1,案例,0,,0,,0,,0,,0,,1,原则
419,0,,1,回归,0,,0,,0,,0,,0,,0,,1,跨学科,1,价值
420,0,,0,,0,,1,案例,0,,0,,0,,0,,0,,1,法治
421,0,,0,,0,,1,案例,0,,0,,0,,0,,0,,1,法治
422,0,,0,,0,,1,案例,0,,0,,0,,0,,0,,1,概念分析
423,0,,1,因子分析,0,,1,案例,0,,0,,1,模型,1,指标体系,0,,1,原则
424,0,,0,,0,,1,案例,0,,0,,0,,0,,1,跨学科,1,价值
425,0,,0,,0,,1,案例,0,,1,文本分析,0,,0,,0,,1,原则
426,0,,0,,0,,1,比较(?!.*优势),0,,0,,0,,0,,0,,1,价值
427,0,,0,,0,,1,比较(?!.*优势),0,,0,,1,模型,0,,1,跨学科,1,思想
428,0,,0,,0,,1,案例,0,,0,,0,,0,,0,,1,概念分析
429,0,,0,,0,,1,案例,0,,0,,1,模型,1,政策评估,1,跨学科,1,理论阐释
430,0,,0,,0,,1,案例,0,,0,,0,,1,政策评估,0,,0,
431,0,,0,,0,,1,案例,0,,1,内容分析,0,,1,政策评估,0,,0,
432,0,,0,,0,,1,案例,0,,0,,0,,0,,0,,1,价值
433,0,,0,,0,,1,案例,0,,0,,0,,0,,0,,0,
434,0,,0,,0,,1,案例,0,,0,,0,,0,,0,,1,理论阐释
435,0,,0,,0,,1,案例,0,,0,,0,,0,,0,,1,原则
436,0,,0,,0,,1,比较(?!.*优势),0,,0,,0,,0,,0,,0,
437,0,,0,,0,,1,案例,0,,1,文本分析,0,,0,,0,,1,规范解释
438,0,,0,,0,,1,案例,0,,0,,0,,0,,0,,1,规范性研究
439,1,实验,0,,1,调查,1,案例,0,,0,,0,,0,,1,跨学科,0,
440,0,,0,,0,,1,案例,0,,0,,0,,0,,0,,1,法条
441,0,,0,,0,,1,案例,0,,0,,0,,0,,0,,1,规范性研究
442,0,,0,,1,调查,1,案例,0,,0,,0,,0,,0,,0,
443,0,,0,,0,,1,比较(?!.*优势),0,,0,,1,模型,0,,0,,0,
444,1,实验,0,,0,,1,案例,0,,0,,1,模型,0,,0,,1,思想
445,0,,0,,0,,1,案例,0,,0,,0,,0,,1,跨学科,1,价值
446,0,,0,,0,,1,案例,0,,0,,1,模型,0,,1,跨学科,1,思想
447,0,,0,,0,,1,比较(?!.*优势),0,,0,,0,,0,,0,,0,
448,1,实验,0,,0,,1,案例,0,,0,,1,模型,0,,0,,0,
449,0,,0,,0,,1,案例,0,,0,,0,,0,,0,,1,思想
450,0,,0,,0,,1,案例,0,,0,,0,,0,,0,,0,
451,0,,0,,0,,1,比较(?!.*优势),0,,0,,0,,0,,0,,0,
452,0,,0,,0,,1,案例,0,,0,,1,模型,0,,1,跨学科,1,法治
453,0,,0,,0,,0,,0,,0,,0,,0,,1,跨学科,0,
454,0,,0,,0,,1,比较(?!.*优势),0,,0,,0,,0,,0,,0,
455,0,,0,,0,,1,比较(?!.*优势),0,,0,,0,,0,,1,跨学科,0,
456,0,,0,,0,,1,案例,0,,0,,0,,0,,0,,1,思想
457,0,,0,,0,,1,案例,0,,0,,0,,0,,1,跨学科,1,思想
458,0,,0,,0,,1,案例,0,,0,,0,,0,,1,跨学科,0,
459,0,,0,,0,,1,比较(?!.*优势),0,,0,,0,,0,,0,,1,价值
460,0,,0,,0,,1,案例,0,,0,,0,,0,,0,,1,法条
461,0,,0,,0,,1,案例,0,,0,,1,模型,0,,1,跨学科,0,
462,0,,0,,0,,1,比较(?!.*优势),0,,0,,1,网络分析,0,,0,,0,
463,0,,1,计量,0,,0,,0,,0,,0,,0,,1,跨学科,0,
464,0,,0,,0,,1,案例,0,,0,,0,,0,,0,,1,价值
465,0,,0,,0,,1,案例,0,,0,,0,,0,,0,,1,思想
466,0,,0,,0,,1,案例,0,,0,,0,,0,,0,,1,价值
467,0,,0,,0,,1,案例,0,,0,,0,,0,,0,,0,
468,0,,0,,0,,1,比较(?!.*优势),0,,0,,0,,0,,0,,1,价值
469,0,,0,,0,,1,案例,0,,1,文本分析,0,,0,,0,,1,价值
470,0,,0,,0,,1,案例,0,,0,,0,,0,,0,,1,思想
471,0,,0,,0,,1,案例,0,,0,,0,,0,,0,,0,
472,0,,0,,0,,1,案例,0,,0,,0,,0,,0,,0,
473,0,,0,,0,,1,案例,0,,0,,0,,0,,1,跨学科,0,
474,0,,0,,0,,1,案例,0,,0,,0,,0,,0,,1,原则
475,0,,0,,0,,1,案例,0,,0,,0,,0,,0,,1,规范性研究
476,0,,0,,0,,1,案例,0,,1,文本分析,0,,0,,0,,1,政策解读
477,0,,0,,0,,1,比较(?!.*优势),0,,0,,0,,0,,0,,1,价值
478,0,,0,,0,,1,案例,0,,0,,0,,0,,0,,0,
479,0,,0,,0,,1,案例,0,,0,,0,,0,,0,,1,价值
480,0,,0,,0,,1,案例,0,,0,,0,,0,,0,,0,
481,0,,1,时间序列,0,,1,案例,0,,0,,0,,1,指标体系,0,,1,法治
482,0,,0,,0,,1,案例,0,,0,,0,,0,,0,,0,
483,0,,0,,0,,1,案例,0,,0,,0,,0,,0,,0,
484,0,,0,,0,,1,案例,0,,0,,0,,0,,0,,0,
485,0,,0,,0,,1,案例,0,,0,,0,,0,,0,,0,
486,0,,1,计量,0,,1,比较(?!.*优势),0,,1,主题分析,0,,0,,0,,1,价值
487,0,,0,,0,,1,案例,0,,0,,0,,0,,0,,1,理论阐释
488,0,,0,,1,调查,1,案例,0,,0,,0,,0,,0,,1,政策解读
489,0,,0,,0,,1,案例,0,,0,,0,,0,,1,跨学科,1,价值
490,0,,0,,0,,1,案例,0,,1,文本分析,0,,0,,1,跨学科,0,
491,0,,1,聚类,1,调查,1,案例,0,,1,文本分析,1,模型,0,,1,跨学科,0,
492,0,,0,,0,,1,案例,0,,1,文本分析,0,,0,,0,,1,价值
493,0,,0,,0,,0,,0,,1,文本分析,0,,0,,0,,1,政策解读
494,0,,0,,0,,1,案例,0,,1,文本分析,0,,0,,0,,1,规范性研究
495,0,,0,,0,,1,案例,0,,1,文本分析,0,,0,,0,,0,
496,0,,0,,0,,1,案例,1,德尔菲,0,,1,模型,1,指标体系,1,跨学科,1,思想
497,0,,1,计量,0,,1,案例,0,,1,文本分析,0,,0,,0,,1,价值
498,0,,0,,0,,1,案例,0,,0,,0,,0,,0,,1,规范性研究
499,0,,0,,0,,1,案例,0,,1,文本分析,0,,0,,1,跨学科,1,价值
500,1,实验,0,,0,,1,比较(?!.*优势),0,,1,文本分析,0,,0,,0,,0,
501,1,介入,1,计量,0,,1,案例,0,,0,,0,,0,,1,跨学科,1,思想
502,0,,0,,0,,1,比较(?!.*优势),0,,1,文本分析,0,,0,,0,,1,价值
503,0,,0,,0,,1,案例,0,,1,文本分析,0,,0,,0,,1,价值
504,0,,0,,0,,1,案例,0,,1,文本分析,0,,0,,1,跨学科,1,政策解读
505,0,,1,计量,0,,1,案例,0,,0,,1,网络分析,0,,0,,0,
506,0,,0,,0,,1,案例,0,,1,文本分析,0,,0,,0,,0,
507,0,,0,,0,,1,案例,0,,0,,0,,0,,0,,1,思想
508,0,,0,,0,,1,案例,0,,0,,1,模型,0,,0,,0,
509,0,,0,,0,,1,案例,0,,0,,0,,0,,0,,0,
510,0,,0,,0,,1,案例,0,,1,文本分析,0,,0,,0,,0,
511,0,,1,计量,0,,1,比较(?!.*优势),0,,1,文本分析,0,,0,,1,跨学科,1,法理
512,0,,0,,0,,1,案例,0,,0,,0,,0,,1,跨学科,1,价值
513,0,,1,因子分析,0,,1,案例,0,,0,,0,,0,,1,跨学科,1,价值
514,0,,0,,0,,1,历史(研究|比较)?,0,,0,,0,,0,,0,,0,
515,0,,0,,0,,0,,0,,0,,0,,0,,0,,0,
516,0,,0,,0,,1,案例,0,,0,,0,,0,,0,,0,
517,0,,0,,0,,0,,0,,0,,0,,0,,0,,0,
518,0,,0,,0,,1,案例,0,,0,,0,,0,,0,,1,价值
519,0,,0,,0,,0,,0,,0,,0,,0,,0,,1,价值
520,0,,0,,0,,1,历史(研究|比较)?,0,,0,,0,,0,,0,,0,
521,0,,0,,0,,1,历史(研究|比较)?,0,,0,,0,,0,,0,,0,
522,0,,0,,0,,1,比较(?!.*优势),0,,0,,0,,0,,0,,0,
523,0,,0,,0,,1,比较(?!.*优势),0,,0,,0,,0,,0,,0,
524,0,,1,计量,0,,1,历史(研究|比较)?,0,,1,内容分析,0,,0,,0,,0,
525,0,,0,,0,,1,比较(?!.*优势),0,,0,,0,,0,,0,,0,
526,0,,0,,0,,1,案例,0,,0,,1,模型,0,,0,,0,
527,0,,0,,0,,1,比较(?!.*优势),0,,0,,0,,0,,0,,0,
528,0,,0,,0,,0,,0,,0,,0,,0,,0,,0,
529,0,,0,,1,调查,1,案例,0,,0,,0,,0,,0,,1,思想
530,0,,0,,0,,1,案例,0,,0,,0,,0,,0,,1,思想
531,0,,0,,0,,1,比较(?!.*优势),0,,0,,0,,0,,1,跨学科,1,思想
532,0,,0,,0,,1,比较(?!.*优势),0,,0,,0,,0,,0,,1,思想
533,0,,0,,0,,1,案例,0,,0,,1,模型,0,,0,,1,思想
534,0,,0,,0,,1,比较(?!.*优势),0,,0,,0,,0,,0,,1,价值
535,1,介入,0,,0,,1,案例,0,,0,,0,,0,,0,,1,法治
536,0,,0,,0,,1,比较(?!.*优势),0,,0,,0,,0,,0,,1,思想
537,0,,0,,0,,1,比较(?!.*优势),0,,1,文本分析,0,,0,,0,,1,原则
538,0,,0,,0,,1,案例,0,,0,,0,,0,,0,,0,
539,0,,0,,0,,1,比较(?!.*优势),0,,0,,0,,0,,1,跨学科,1,概念分析
540,0,,0,,0,,1,比较(?!.*优势),0,,1,文本分析,0,,0,,1,跨学科,1,法治
541,0,,0,,0,,1,案例,0,,0,,0,,0,,0,,1,思想
542,0,,0,,0,,1,案例,0,,0,,0,,0,,0,,1,理论阐释
543,0,,1,计量,0,,1,案例,0,,0,,1,模型,0,,0,,0,
544,0,,0,,0,,1,比较(?!.*优势),0,,0,,0,,0,,0,,1,思想
545,0,,0,,0,,1,案例,0,,1,文本分析,0,,0,,0,,1,法治
546,0,,0,,0,,1,历史(研究|比较)?,0,,0,,0,,0,,0,,1,政策解读
547,0,,0,,0,,1,历史(研究|比较)?,0,,0,,0,,0,,0,,1,法治
548,0,,0,,0,,1,案例,1,档案(研究)?,0,,0,,0,,1,跨学科,0,
549,0,,0,,0,,1,案例,0,,0,,0,,0,,1,跨学科,0,
550,0,,0,,0,,1,历史(研究|比较)?,0,,1,文本分析,1,网络分析,0,,0,,1,价值
551,0,,0,,0,,0,,0,,0,,0,,0,,0,,0,
552,0,,0,,0,,0,,0,,0,,0,,0,,0,,0,
553,0,,0,,0,,1,案例,0,,0,,1,模型,0,,0,,1,价值
554,0,,1,计量,0,,1,比较(?!.*优势),0,,0,,1,模型,0,,0,,1,原则
555,0,,0,,0,,1,案例,0,,0,,1,模型,0,,0,,1,价值
556,0,,0,,0,,1,比较(?!.*优势),0,,0,,0,,0,,0,,1,思想
557,0,,1,计量,0,,1,历史(研究|比较)?,0,,0,,0,,0,,0,,0,
558,0,,0,,0,,1,案例,0,,0,,1,模型,0,,0,,0,
559,0,,0,,0,,1,案例,0,,1,文本分析,0,,0,,0,,0,
560,0,,1,计量,1,调查,1,案例,0,,1,文本分析,0,,0,,0,,0,
561,0,,1,计量,0,,1,案例,0,,1,文本分析,1,模型,0,,0,,1,法治
562,0,,0,,0,,1,案例,0,,0,,0,,0,,0,,1,概念分析
563,0,,0,,0,,1,案例,0,,0,,0,,0,,1,跨学科,1,法律解释
564,0,,0,,0,,1,案例,0,,0,,1,模型,0,,1,跨学科,1,原则
565,0,,1,计量,0,,1,案例,0,,0,,0,,0,,0,,0,
566,0,,0,,0,,1,案例,0,,1,文本分析,1,模型,0,,0,,1,法治
567,0,,1,计量,0,,1,案例,0,,0,,1,模型,0,,0,,0,
568,0,,0,,0,,0,,0,,0,,1,模型,1,指标体系,0,,1,原则
569,0,,0,,0,,1,案例,0,,1,文本分析,0,,0,,0,,1,法治
570,0,,0,,1,调查,1,案例,0,,1,文本分析,0,,0,,0,,1,原则
571,0,,0,,0,,1,案例,0,,0,,0,,0,,0,,1,法治
572,0,,0,,0,,1,案例,0,,0,,0,,0,,1,跨学科,1,原则
573,0,,0,,0,,1,案例,0,,0,,1,模型,0,,1,跨学科,0,
574,0,,0,,0,,1,案例,0,,0,,0,,0,,0,,0,
575,0,,0,,0,,1,案例,0,,1,文本分析,0,,0,,0,,1,规范性研究
576,0,,0,,1,调查,1,案例,0,,0,,0,,0,,0,,0,
577,0,,0,,0,,1,案例,0,,0,,0,,0,,1,跨学科,1,价值
578,0,,0,,0,,1,历史(研究|比较)?,0,,0,,1,模型,0,,0,,0,
579,0,,0,,0,,1,案例,0,,1,文本分析,0,,0,,0,,0,
580,0,,0,,0,,1,比较(?!.*优势),0,,0,,0,,0,,0,,1,理论阐释
581,0,,0,,0,,1,案例,0,,0,,0,,0,,0,,0,
582,0,,0,,0,,1,比较(?!.*优势),0,,0,,0,,0,,0,,0,
583,0,,0,,0,,1,案例,0,,0,,0,,0,,0,,0,
584,0,,0,,0,,1,案例,0,,0,,1,模型,0,,0,,0,
585,0,,0,,0,,1,案例,0,,0,,0,,0,,1,跨学科,0,
586,0,,0,,0,,1,案例,0,,0,,0,,0,,1,跨学科,0,
587,0,,0,,0,,1,案例,0,,0,,0,,0,,0,,0,
588,1,实验,0,,0,,1,案例,0,,0,,1,仿真,0,,1,跨学科,0,
589,0,,0,,0,,1,案例,0,,0,,0,,0,,1,跨学科,1,理论阐释
590,0,,0,,0,,1,案例,0,,1,文本分析,0,,0,,1,跨学科,1,价值
591,0,,0,,0,,1,案例,0,,0,,0,,0,,0,,1,法治
592,0,,0,,0,,1,案例,0,,0,,0,,0,,0,,1,法治
593,0,,0,,0,,1,案例,0,,0,,0,,0,,1,跨学科,1,价值
594,0,,0,,0,,1,案例,0,,1,文本分析,0,,0,,0,,1,价值
595,0,,0,,0,,1,案例,0,,0,,0,,0,,1,跨学科,1,理论阐释
596,0,,0,,0,,1,比较(?!.*优势),0,,0,,1,模型,0,,0,,1,思想
597,0,,0,,0,,1,案例,0,,0,,0,,0,,1,跨学科,0,
598,0,,0,,0,,1,比较(?!.*优势),0,,0,,0,,0,,1,跨学科,0,
599,0,,0,,0,,1,比较(?!.*优势),0,,0,,0,,1,指标体系,0,,0,
600,0,,0,,0,,1,案例,0,,1,文本分析,0,,0,,0,,1,法治
601,0,,0,,0,,1,案例,0,,0,,0,,0,,0,,1,合法性
602,0,,0,,0,,1,比较(?!.*优势),0,,0,,1,模型,0,,1,跨学科,0,
603,1,干预,0,,0,,1,案例,0,,0,,0,,0,,1,跨学科,1,价值
604,0,,0,,0,,1,比较(?!.*优势),0,,0,,0,,0,,1,跨学科,1,理论阐释
605,0,,0,,0,,1,案例,0,,0,,0,,0,,0,,1,法治
606,1,实验,1,方差分析,1,调查,0,,0,,0,,0,,0,,0,,0,
607,0,,0,,0,,1,案例,0,,0,,1,模型,0,,1,跨学科,1,思想
608,0,,0,,0,,1,比较(?!.*优势),0,,0,,0,,0,,0,,1,价值
609,1,实验,0,,0,,1,案例,0,,0,,1,模型,0,,0,,1,理论阐释
610,0,,0,,0,,1,案例,0,,0,,0,,0,,1,跨学科,1,政策解读
611,0,,1,时间序列,0,,1,案例,0,,0,,0,,0,,0,,1,理论阐释
612,0,,0,,0,,1,案例,0,,1,文本分析,1,模型,0,,0,,0,
613,0,,0,,0,,1,比较(?!.*优势),1,档案(研究)?,0,,0,,0,,0,,1,价值
614,0,,0,,0,,1,案例,0,,0,,0,,0,,0,,0,
615,0,,1,计量,0,,1,案例,1,德尔菲,0,,0,,0,,0,,1,价值
616,0,,1,时间序列,0,,1,案例,0,,0,,1,系统动力学,0,,0,,1,价值
617,0,,0,,0,,1,案例,0,,0,,0,,0,,1,跨学科,1,政策解读
618,1,实验,0,,0,,1,案例,0,,0,,0,,0,,0,,1,思政
619,0,,0,,1,问卷,1,案例,1,访谈,0,,0,,0,,0,,1,政策解读
620,1,介入,0,,0,,1,案例,0,,1,文本分析,0,,0,,0,,1,政策解读
621,0,,0,,0,,1,案例,0,,1,文本分析,0,,0,,1,跨学科,1,思想
622,0,,1,回归,0,,1,案例,0,,0,,0,,0,,0,,0,
623,0,,0,,0,,1,案例,0,,0,,0,,0,,0,,1,法治
624,0,,0,,0,,1,案例,0,,0,,0,,0,,0,,1,原则
625,0,,0,,0,,1,案例,0,,0,,0,,0,,0,,0,
626,0,,0,,1,调查,1,比较(?!.*优势),1,访谈,1,文本分析,0,,1,监测评价,0,,0,
627,0,,0,,0,,1,案例,0,,1,文本分析,0,,0,,0,,1,原则
628,0,,0,,0,,1,比较(?!.*优势),0,,0,,0,,0,,1,跨学科,1,原则
629,0,,0,,0,,1,比较(?!.*优势),0,,0,,0,,0,,0,,1,合法性
630,0,,0,,0,,1,比较(?!.*优势),0,,1,文本分析,1,模型,0,,0,,0,
631,0,,0,,0,,1,案例,0,,0,,0,,0,,0,,0,
632,0,,0,,0,,1,案例,0,,1,语料,0,,0,,1,跨学科,0,
633,0,,0,,0,,1,案例,0,,0,,0,,0,,0,,0,
634,0,,0,,0,,1,案例,0,,0,,1,模型,0,,1,复杂系统,0,
635,0,,0,,0,,1,案例,0,,0,,0,,0,,0,,0,
636,0,,0,,0,,1,案例,0,,0,,1,模型,0,,0,,0,
637,0,,0,,0,,1,案例,0,,1,文本分析,0,,0,,0,,1,价值
638,0,,0,,0,,1,案例,0,,0,,0,,0,,0,,1,思想
639,0,,0,,0,,1,案例,0,,0,,1,模型,0,,0,,1,价值
640,0,,0,,0,,1,案例,0,,0,,0,,0,,0,,1,理论阐释
641,0,,0,,0,,1,案例,0,,0,,0,,0,,0,,1,政策解读
642,0,,0,,0,,1,案例,0,,0,,1,模型,0,,0,,1,价值
643,0,,0,,0,,1,案例,0,,1,文本分析,0,,0,,0,,0,
644,0,,0,,0,,1,案例,0,,0,,1,模型,0,,0,,0,
645,0,,0,,0,,1,案例,0,,0,,0,,0,,0,,1,价值
646,0,,0,,0,,1,案例,0,,0,,0,,0,,0,,1,政策解读
647,0,,0,,0,,1,案例,0,,0,,0,,0,,0,,1,法治
648,0,,0,,0,,1,比较(?!.*优势),0,,0,,1,模型,0,,0,,0,
649,0,,0,,0,,1,比较(?!.*优势),0,,0,,1,模型,0,,0,,0,
650,0,,0,,0,,1,案例,0,,0,,1,模型,0,,0,,1,法治
651,0,,0,,0,,1,比较(?!.*优势),0,,1,文本分析,0,,0,,0,,1,价值
652,0,,0,,0,,1,案例,0,,1,文本分析,1,模型,0,,0,,1,价值
653,0,,0,,0,,1,案例,0,,1,文本分析,1,模型,0,,0,,1,价值
654,0,,0,,1,调查,1,比较(?!.*优势),1,田野,0,,0,,0,,0,,0,
655,0,,0,,0,,1,案例,0,,0,,1,模型,0,,0,,1,理论阐释
656,0,,0,,0,,1,案例,0,,0,,1,模型,0,,0,,0,
657,0,,0,,0,,1,案例,0,,0,,0,,0,,1,跨学科,1,思政
658,0,,0,,0,,1,案例,0,,0,,0,,0,,0,,0,
659,0,,1,聚类,0,,1,案例,0,,0,,1,模型,0,,1,跨学科,0,
660,0,,0,,0,,1,比较(?!.*优势),0,,0,,0,,0,,0,,1,价值
661,0,,0,,0,,1,案例,0,,1,文本分析,0,,0,,0,,0,
662,0,,0,,0,,1,案例,0,,0,,0,,0,,0,,0,
663,1,实验,0,,1,调查,1,案例,1,访谈,1,话语分析,0,,0,,1,跨学科,0,
664,0,,0,,0,,0,,0,,0,,0,,0,,0,,0,
665,1,干预,0,,0,,1,案例,0,,0,,1,模型,0,,0,,0,
666,0,,0,,0,,1,比较(?!.*优势),0,,0,,0,,0,,0,,0,
667,0,,0,,0,,1,案例,0,,1,文本分析,1,模型,0,,1,跨学科,1,价值
668,0,,0,,0,,1,案例,0,,0,,1,仿真,0,,0,,0,
669,0,,0,,0,,1,案例,0,,0,,0,,0,,0,,1,法治
670,0,,0,,0,,1,案例,0,,0,,1,模型,0,,0,,0,
671,0,,1,计量,0,,1,案例,0,,0,,0,,0,,0,,0,
672,0,,0,,0,,1,案例,0,,0,,1,模型,0,,1,跨学科,0,
673,0,,0,,0,,1,案例,0,,0,,0,,0,,1,跨学科,0,
674,0,,0,,0,,1,比较(?!.*优势),0,,0,,0,,0,,0,,1,原则
675,0,,0,,0,,1,案例,0,,0,,0,,0,,1,跨学科,1,法治
676,0,,1,聚类,0,,1,案例,0,,1,文本分析,0,,0,,0,,0,
677,0,,0,,0,,1,案例,0,,0,,0,,0,,0,,1,原则
678,0,,0,,0,,1,案例,0,,0,,0,,0,,0,,1,法治
679,0,,0,,0,,1,案例,0,,0,,0,,0,,0,,0,
680,0,,0,,0,,1,案例,0,,0,,0,,0,,0,,0,
681,1,实验,0,,0,,1,案例,0,,0,,0,,0,,0,,0,
682,0,,0,,0,,1,案例,0,,0,,1,模型,0,,0,,0,
683,1,实验,0,,0,,1,案例,0,,0,,0,,0,,0,,1,价值
684,0,,0,,0,,1,案例,0,,0,,0,,0,,0,,0,
685,0,,0,,0,,1,案例,0,,0,,0,,0,,0,,1,法理
686,0,,0,,0,,1,案例,0,,0,,0,,0,,0,,1,思想
687,0,,0,,0,,1,案例,0,,1,文本分析,1,模型,0,,0,,1,价值
688,0,,0,,0,,1,案例,0,,0,,0,,0,,0,,1,价值
689,0,,0,,0,,1,比较(?!.*优势),0,,0,,0,,0,,0,,0,
690,0,,0,,0,,1,案例,0,,0,,1,模型,0,,0,,1,规范性研究
691,0,,0,,0,,1,案例,0,,0,,1,模型,1,指标体系,0,,1,规范性研究
692,0,,0,,0,,1,比较(?!.*优势),0,,0,,1,模型,0,,0,,1,价值
693,0,,0,,0,,1,案例,0,,0,,1,模型,0,,0,,0,
694,0,,0,,0,,0,,0,,0,,1,模型,0,,0,,0,
695,0,,0,,0,,1,比较(?!.*优势),0,,0,,1,模型,0,,0,,1,合法性
696,0,,0,,0,,1,比较(?!.*优势),0,,0,,0,,0,,0,,1,法治
697,0,,1,计量,0,,0,,0,,0,,0,,0,,0,,0,
698,0,,0,,0,,1,案例,0,,0,,0,,0,,0,,1,法律解释
699,0,,0,,0,,1,案例,0,,0,,1,模型,0,,1,跨学科,1,法律解释
700,0,,0,,0,,1,比较(?!.*优势),0,,0,,0,,0,,0,,1,理论阐释
701,0,,0,,0,,1,比较(?!.*优势),0,,0,,1,模型,0,,0,,1,原则
702,0,,0,,0,,1,案例,0,,0,,0,,0,,0,,1,法治
703,0,,0,,0,,1,比较(?!.*优势),0,,0,,1,模型,0,,0,,0,
704,0,,0,,0,,1,案例,0,,0,,1,模型,0,,0,,0,
705,0,,0,,0,,1,案例,0,,0,,0,,0,,0,,1,政策解读
706,0,,0,,0,,1,比较(?!.*优势),0,,0,,1,模型,0,,0,,1,政策解读
707,0,,0,,0,,1,案例,0,,1,文本分析,0,,0,,0,,0,
708,0,,0,,0,,1,案例,0,,0,,1,模型,0,,1,跨学科,0,
709,0,,0,,0,,1,案例,0,,0,,0,,0,,0,,0,
710,0,,0,,0,,1,案例,0,,0,,1,模型,0,,0,,1,政策解读
711,0,,0,,0,,1,比较(?!.*优势),0,,0,,1,模型,0,,0,,1,理论阐释
712,0,,0,,0,,1,案例,0,,0,,0,,0,,0,,0,
713,0,,0,,0,,1,比较(?!.*优势),0,,0,,1,模型,0,,0,,0,
714,0,,0,,0,,1,案例,0,,0,,1,模型,0,,0,,0,
715,0,,0,,0,,1,比较(?!.*优势),0,,0,,1,模型,0,,1,跨学科,0,
716,0,,0,,0,,1,案例,0,,0,,1,模型,0,,0,,0,
717,0,,0,,0,,1,案例,0,,0,,1,模型,0,,1,跨学科,0,
718,0,,1,计量,0,,1,比较(?!.*优势),0,,0,,1,模型,0,,0,,0,
719,0,,0,,0,,1,案例,0,,0,,1,模型,0,,0,,0,
720,0,,0,,0,,1,比较(?!.*优势),0,,1,文本分析,0,,0,,0,,0,
721,0,,0,,0,,1,比较(?!.*优势),0,,1,文本分析,0,,0,,0,,1,价值
722,0,,0,,0,,1,案例,0,,1,文本分析,1,模型,0,,0,,1,思想
723,0,,0,,0,,1,历史(研究|比较)?,0,,0,,1,模型,0,,0,,0,
724,0,,0,,0,,1,案例,0,,0,,1,模型,0,,0,,1,原则
725,0,,0,,0,,1,案例,0,,0,,0,,0,,0,,1,规范性研究
726,0,,0,,0,,1,比较(?!.*优势),0,,0,,0,,0,,1,跨学科,1,法理
727,0,,0,,0,,1,案例,0,,0,,0,,0,,0,,1,法治
728,0,,0,,0,,1,案例,0,,0,,0,,0,,1,跨学科,1,法治
729,0,,0,,0,,1,比较(?!.*优势),0,,0,,0,,0,,0,,0,
730,0,,0,,0,,1,比较(?!.*优势),0,,0,,1,模型,0,,0,,1,价值
731,0,,0,,0,,1,历史(研究|比较)?,0,,0,,1,模型,0,,0,,1,法治
732,0,,0,,0,,1,比较(?!.*优势),0,,0,,0,,0,,0,,1,思政
733,0,,0,,0,,1,比较(?!.*优势),0,,0,,1,模型,0,,0,,1,法理
734,0,,0,,0,,1,比较(?!.*优势),1,档案(研究)?,0,,0,,0,,0,,1,思想
735,1,实验,0,,0,,1,案例,0,,0,,0,,0,,1,跨学科,0,
736,0,,0,,0,,1,案例,0,,0,,1,模型,0,,0,,1,价值
737,0,,0,,0,,0,,0,,0,,0,,0,,0,,0,
738,0,,0,,0,,1,案例,0,,0,,0,,0,,0,,0,
739,0,,1,回归,0,,1,案例,0,,0,,1,模型,0,,1,跨学科,1,价值
740,0,,0,,0,,1,案例,0,,0,,0,,0,,1,跨学科,1,思想
741,0,,1,计量,0,,1,比较(?!.*优势),0,,0,,0,,0,,0,,0,
742,0,,0,,0,,1,案例,0,,0,,0,,0,,0,,0,
743,0,,0,,0,,1,比较(?!.*优势),0,,0,,1,模型,0,,0,,1,法治
744,0,,0,,0,,1,案例,0,,0,,0,,0,,0,,1,价值
745,0,,0,,0,,1,案例,0,,0,,0,,0,,0,,1,法治
746,0,,0,,0,,1,比较(?!.*优势),0,,0,,0,,0,,0,,0,
747,0,,0,,0,,1,案例,0,,0,,0,,0,,1,跨学科,0,
748,0,,0,,0,,1,案例,0,,0,,0,,0,,0,,0,
749,0,,0,,0,,1,案例,0,,0,,1,模型,0,,0,,1,规范性研究
750,0,,0,,0,,1,案例,0,,0,,0,,0,,0,,1,规范性研究
751,0,,1,计量,0,,1,案例,0,,0,,0,,0,,0,,0,
752,0,,0,,0,,1,比较(?!.*优势),0,,0,,0,,0,,0,,1,价值
753,0,,0,,0,,1,案例,0,,0,,0,,0,,0,,1,规范性研究
754,0,,0,,0,,1,案例,0,,0,,0,,0,,0,,1,思想
755,0,,0,,0,,1,案例,0,,0,,0,,0,,0,,1,思政
756,1,实验,0,,0,,1,比较(?!.*优势),0,,0,,1,仿真,0,,1,混合方法,1,价值
757,0,,0,,0,,1,比较(?!.*优势),0,,0,,0,,0,,0,,0,
758,0,,0,,0,,1,案例,0,,1,话语分析,1,模型,0,,1,跨学科,0,
759,0,,0,,0,,1,比较(?!.*优势),0,,1,话语分析,0,,0,,0,,1,法治
760,0,,0,,0,,1,案例,0,,0,,0,,0,,0,,1,价值
761,0,,0,,0,,1,比较(?!.*优势),0,,0,,1,模型,0,,0,,1,思想
762,0,,0,,0,,1,案例,0,,0,,0,,0,,0,,1,规范性研究
763,0,,0,,0,,1,比较(?!.*优势),0,,0,,0,,0,,0,,0,
764,0,,0,,0,,1,比较(?!.*优势),0,,0,,0,,0,,0,,1,规范性研究
765,0,,0,,0,,1,案例,0,,0,,0,,0,,0,,1,规范性研究
766,0,,0,,0,,1,案例,0,,0,,1,模型,0,,0,,1,理论阐释
767,0,,0,,0,,1,案例,1,民族志,0,,0,,0,,1,跨学科,0,
768,0,,0,,0,,1,案例,0,,0,,0,,0,,0,,1,思想
769,0,,0,,0,,0,,0,,0,,0,,0,,0,,0,
770,0,,0,,0,,1,案例,0,,0,,0,,0,,0,,0,
771,0,,0,,0,,1,比较(?!.*优势),0,,0,,1,模型,0,,0,,1,原则
772,0,,0,,0,,1,比较(?!.*优势),0,,0,,0,,0,,1,跨学科,1,思想
773,1,实验,0,,0,,1,案例,0,,0,,0,,0,,0,,0,
774,0,,0,,0,,1,案例,0,,0,,0,,0,,0,,1,价值
775,0,,0,,0,,1,案例,0,,0,,0,,0,,1,跨学科,0,
776,0,,0,,0,,1,比较(?!.*优势),0,,0,,0,,0,,0,,1,思想
777,0,,0,,0,,1,案例,0,,0,,0,,0,,1,跨学科,0,
778,0,,0,,0,,0,,0,,0,,1,模型,0,,0,,0,
779,1,随机(对照)?,1,聚类,0,,1,案例,1,德尔菲,0,,1,模型,0,,0,,0,
780,0,,0,,0,,1,比较(?!.*优势),0,,0,,0,,0,,1,跨学科,1,规范解释
781,0,,0,,0,,1,案例,0,,0,,0,,0,,0,,0,
782,0,,0,,0,,1,案例,0,,0,,0,,0,,0,,0,
783,0,,0,,0,,1,案例,0,,0,,0,,0,,1,跨学科,1,法治
784,0,,0,,1,调查,1,案例,0,,0,,0,,0,,0,,1,价值
785,0,,0,,0,,1,案例,0,,1,话语分析,0,,0,,0,,0,
786,0,,0,,0,,1,比较(?!.*优势),0,,0,,0,,0,,0,,1,法条
787,0,,0,,0,,1,案例,0,,0,,0,,0,,0,,1,原则
788,0,,0,,0,,1,比较(?!.*优势),0,,0,,0,,1,政策评估,1,跨学科,1,思想
789,0,,0,,0,,0,,1,档案(研究)?,0,,0,,0,,0,,1,价值
790,0,,0,,0,,0,,0,,0,,0,,0,,0,,0,
791,0,,0,,0,,1,案例,0,,0,,0,,0,,0,,0,
792,0,,1,回归,0,,1,案例,0,,0,,0,,0,,0,,0,
793,0,,0,,0,,1,比较(?!.*优势),0,,0,,0,,1,政策评估,0,,1,价值
794,0,,0,,0,,1,案例,0,,0,,0,,0,,0,,0,
795,0,,0,,0,,1,比较(?!.*优势),0,,0,,0,,0,,0,,1,法治
796,0,,0,,0,,1,案例,0,,0,,1,模型,0,,0,,1,思想
797,1,介入,0,,1,抽样,1,比较(?!.*优势),1,访谈,0,,1,模型,0,,1,跨学科,0,
798,0,,0,,0,,1,比较(?!.*优势),0,,0,,0,,0,,0,,1,理论阐释
799,1,干预,0,,0,,1,案例,0,,0,,1,仿真,0,,1,跨学科,0,
800,0,,0,,0,,1,案例,0,,0,,0,,0,,0,,0,
